SKU,Category (Drop Down),Sub Category (drop Down),Product Name,Features,Pricing,Description HTML,Images
ONG001,Sanitary Wares,Water Closet,Luxurious Integrated Toilet,"Luxury, elegant and seamless design
 Hybrid ecology system.
 Water saving dual flush 3.8L/3L.
 Minimum required water pressure only at 0.05mpa (dynamic).
 New tornado flush system. 360 degree cleaning power reaches every spot using less water from newly developed bowl.
 Tornado flush waterjet outlet is newly placed in hidden position to present a cleaner aesthetics.
 New rimless design bowl. Simply beautiful in shape with no shaded area make cleaning easier.
 Air-in wonderwave uses air rich water droplets to produce comfortable cleaning sensation.
 Build-in with motion sensor - microwave technology.
 Heated seat with temperature control.
 Premist, a fine spray of mist making it difficult for dirt to adhere.
 EWATER+ keeps toilet bowl and nozzle clean by preventing bacterial with sanitizing effect.
 Auto powerful deodorizer activates after every usage.
 Adjustable warm air drying.",500,"<div bis_skin_checked=""1"">
  <table border=""1"" width=""100%"" cellspacing=""5"" cellpadding=""5"">
 <tbody>
 <tr valign=""top"">
 <td width=""30%""><strong>Flush System</strong></td>
 <td width=""70%"">Tornado Flush</td>
 </tr>
 <tr valign=""top"">
 <td width=""30%""><strong>Water Use</strong></td>
 <td width=""70%"">3.8L/3L</td>
 </tr>
 <tr valign=""top"">
 <td width=""30%""><strong>Rough-in</strong></td>
 <td width=""70%"">305mm</td>
 </tr>
 <tr valign=""top"">
 <td width=""30%""><strong>Bowl Shape</strong></td>
 <td width=""70%"">Elongated</td>
 </tr>
 <tr valign=""top"">
 <td width=""30%""><strong>Water Pressure</strong></td>
 <td width=""70%"">0.05MPa~0.75MPa</td>
 </tr>
 <tr valign=""top"">
 <td width=""30%""><strong>Power Rating</strong></td>
 <td width=""70%"">220~240V, 50/60Hz, 820~839W</td>
 </tr>
 <tr valign=""top"">
 <td width=""30%""><strong>Length of Power Cord</strong></td>
 <td width=""70%"">1.2m</td>
 </tr>
 <tr valign=""top"">
 <td width=""30%""><strong>Material</strong></td>
 <td width=""70%"">Bowl - Vitreous China<br>Seat &amp; Cover - Plastic<br>Remote Controller - Aluminium</td>
 </tr>
 <tr valign=""top"">
 <td width=""30%""><strong>Size</strong></td>
 <td width=""70%"">
 <p>(W) 386mm<br>(D) 689mm<br>(H) 512mm</p>
 </td>
 </tr>
 </tbody>
 </table> 
  </div>",https://www.bumhan.com.my/product_img/IM01393.jpg
ONG002,Sanitary Wares,Water Closet,Avante One Piece,"Styling with concealed trapway for easy cleaning.
 Upgrade with a softclose seat & cover or washlet.",600,"<div bis_skin_checked=""1"">
  <table border=""1"" width=""100%"" cellspacing=""5"" cellpadding=""5"">
 <tbody>
 <tr valign=""top"">
 <td width=""30%""><strong>Flush System</strong></td>
 <td width=""70%"">Wash Down</td>
 </tr>
 <tr valign=""top"">
 <td width=""30%""><strong>Water Use</strong></td>
 <td width=""70%"">6L</td>
 </tr>
 <tr valign=""top"">
 <td width=""30%""><strong>Rough-in</strong></td>
 <td width=""70%"">(H) 180mm</td>
 </tr>
 <tr valign=""top"">
 <td width=""30%""><strong>Bowl Shape</strong></td>
 <td width=""70%"">Elongated</td>
 </tr>
 <tr valign=""top"">
 <td width=""30%""><strong>Water Pressure</strong></td>
 <td width=""70%"">0.05MPa~0.75MPa</td>
 </tr>
 <tr valign=""top"">
 <td width=""30%""><strong>Size</strong></td>
 <td width=""70%"">(W) 510mm<br>(D) 750mm<br>(H) 605mm</td>
 </tr>
 </tbody>
 </table> 
  </div>",https://www.bumhan.com.my/product_img/IM01397.jpg
ONG003,Sanitary Wares,Water Closet,One Piece Toilet,"Rimless design bowl ensures easy cleaning and ultimate hygiene.
 Dual flush system.
 Water saving.",600,"<div bis_skin_checked=""1"">
  <table border=""1"" width=""100%"" cellspacing=""5"" cellpadding=""5"">
 <tbody>
 <tr valign=""top"">
 <td width=""30%""><strong>Flush&nbsp;System</strong></td>
 <td width=""70%"">Tornado Flush</td>
 </tr>
 <tr valign=""top"">
 <td width=""30%""><strong>Water Use</strong></td>
 <td width=""70%"">4.5L/3L</td>
 </tr>
 <tr valign=""top"">
 <td width=""30%""><strong>Trap Type</strong></td>
 <td width=""70%"">S-Trap</td>
 </tr>
 <tr valign=""top"">
 <td width=""30%""><strong>Rough-in</strong></td>
 <td width=""70%"">305mm</td>
 </tr>
 <tr valign=""top"">
 <td width=""30%""><strong>Bowl Shape</strong></td>
 <td width=""70%"">Elongated</td>
 </tr>
 <tr valign=""top"">
 <td width=""30%""><strong>Water Pressure</strong></td>
 <td width=""70%"">0.05MPa~0.70MPa</td>
 </tr>
 <tr valign=""top"">
 <td width=""30%""><strong>Size</strong></td>
 <td width=""70%"">(W) 387mm<br>(D) 700mm<br>(H) 699mm</td>
 </tr>
 </tbody>
 </table> 
  </div>",https://www.bumhan.com.my/product_img/IM01396.jpg
ONG004,Sanitary Wares,Water Closet,Close Coupled Toilet,"Stylish design.
 Dual flush system.",600,"<div bis_skin_checked=""1"">
  <table border=""1"" width=""100%"" cellspacing=""5"" cellpadding=""5"">
 <tbody>
 <tr valign=""top"">
 <td width=""30%""><strong>Flush System</strong></td>
 <td width=""70%"">Wash Down</td>
 </tr>
 <tr valign=""top"">
 <td width=""30%""><strong>Water Use</strong></td>
 <td width=""70%"">6L/3L</td>
 </tr>
 <tr valign=""top"">
 <td width=""30%""><strong>Trap Type</strong></td>
 <td width=""70%"">S-Trap</td>
 </tr>
 <tr valign=""top"">
 <td width=""30%""><strong>Rough-in</strong></td>
 <td width=""70%"">305mm</td>
 </tr>
 <tr valign=""top"">
 <td width=""30%""><strong>Bowl Shape</strong></td>
 <td width=""70%"">Elongated</td>
 </tr>
 <tr valign=""top"">
 <td width=""30%""><strong>Water Pressure</strong></td>
 <td width=""70%"">0.05MPa~0.75MPa</td>
 </tr>
 <tr valign=""top"">
 <td width=""30%""><strong>Size</strong></td>
 <td width=""70%"">(W) 400mm<br>(D) 695mm<br>(H) 775mm</td>
 </tr>
 </tbody>
 </table> 
  </div>",https://www.bumhan.com.my/product_img/IM01915.png
ONG005,Sanitary Wares,Water Closet,Washlet,"EWATER+ spreads out and keeps clean toilet bowl
 
 
 Auto lid opening and closing.
 
 
 Maximized comfort function with new wide front and pulsating cleansing.
 
 New auto soft light function usable for night time usage..",700,"<div bis_skin_checked=""1"">
  <table border=""1"" width=""100%"" cellspacing=""5"" cellpadding=""5"">
 <tbody>
 <tr style=""height: 13px;"" valign=""top"">
 <td style=""height: 13px;"" width=""30%""><strong>Bowl Shape</strong></td>
 <td style=""height: 13px;"" width=""70%"">D-Shape</td>
 </tr>
 <tr style=""height: 13px;"" valign=""top"">
 <td style=""height: 13px;"" width=""30%""><strong>Water Pressure</strong></td>
 <td style=""height: 13px;"" width=""70%"">0.05MPa~0.75MPa</td>
 </tr>
 <tr style=""height: 13.8px;"" valign=""top"">
 <td style=""height: 13.8px;"" width=""30%""><strong>Power Rating</strong></td>
 <td style=""height: 13.8px;"" width=""70%"">220V, 50/60Hz, 830W</td>
 </tr>
 <tr style=""height: 13.8px;"" valign=""top"">
 <td style=""height: 13.8px;"" width=""30%""><strong>Length of Power Cord</strong></td>
 <td style=""height: 13.8px;"" width=""70%"">1.2m</td>
 </tr>
 <tr style=""height: 13px;"" valign=""top"">
 <td style=""height: 13px;"" width=""30%""><strong>Material</strong></td>
 <td style=""height: 13px;"" width=""70%"">Plastic</td>
 </tr>
 <tr style=""height: 40px;"" valign=""top"">
 <td style=""height: 40px;"" width=""30%""><strong>Size</strong></td>
 <td style=""height: 40px;"" width=""70%"">(W) 390mm<br>(D) 520mm<br>(H)&nbsp;127mm</td>
 </tr>
 </tbody>
 </table> 
  </div>",https://www.bumhan.com.my/product_img/IM01402.jpg
ONG006,Sanitary Wares,Water Closet,Slim Smart Washer II,"Two wash systems (Bidet and Wash).
 
 
 Self-cleaning nozzle.
 
 
 Nozzle shutter.
 
 
 Soft close & quick release.
 
 
 Adjustable water pressure.
 
 
 Control in one knob.",800,"<div bis_skin_checked=""1"">
  <table border=""1"" width=""100%"" cellspacing=""5"" cellpadding=""5"">
 <tbody>
 <tr valign=""top"">
 <td width=""30%""><strong>Shape</strong></td>
 <td width=""70%"">Elongated</td>
 </tr>
 <tr valign=""top"">
 <td width=""30%""><strong>Overall Dimensions</strong></td>
 <td width=""70%"">(L) 500mm<br>(W) 370mm<br>(H) 55mm</td>
 </tr>
 <tr valign=""top"">
 <td width=""30%""><strong>Net Weight</strong></td>
 <td width=""70%"">2.3kg</td>
 </tr>
 <tr valign=""top"">
 <td width=""30%""><strong>Water Supply</strong></td>
 <td width=""70%"">Direct from Water Pipes</td>
 </tr>
 <tr valign=""top"">
 <td width=""30%""><strong>Wash Water Flow</strong></td>
 <td width=""70%"">0.4-1.8L/min</td>
 </tr>
 <tr valign=""top"">
 <td width=""30%""><strong>Bidet Water Flow</strong></td>
 <td width=""70%"">0.4-1.8L/min</td>
 </tr>
 <tr valign=""top"">
 <td rowspan=""2"" width=""30%""><strong>Water Pressure Range</strong></td>
 <td width=""70%"">Static Pressure: 0.07~0.6Mpa</td>
 </tr>
 <tr valign=""top"">
 <td width=""70%"">Dynamic Pressure: Above 0.03Mpa</td>
 </tr>
 </tbody>
 </table> 
  </div>",https://www.bumhan.com.my/product_img/IM01388.jpg
ONG007,Sanitary Wares,Water Closet,Erika One Piece Toilet,Basin Dimension: (L) 710mm x (W) 370mm x (H) 745mm.,1200,"<div bis_skin_checked=""1"">
  <table style=""width: 100%;"" border=""1"" cellspacing=""5"" cellpadding=""5"">
 <tbody>
 <tr>
 <td><strong>Fixing Kit</strong></td>
 <td>Included</td>
 </tr>
 <tr>
 <td><strong>Flushing System</strong></td>
 <td>Washdown</td>
 </tr>
 <tr>
 <td><strong>Installation Type</strong></td>
 <td>Floorstanding</td>
 </tr>
 <tr>
 <td><strong>Rim Type</strong></td>
 <td>Closed</td>
 </tr>
 <tr>
 <td><strong>P-trap Setout</strong></td>
 <td>250mm</td>
 </tr>
 <tr>
 <td><strong>Shape</strong></td>
 <td>Round</td>
 </tr>
 </tbody>
 </table> 
  </div>",https://www.bumhan.com.my/product_img/IM01528.jpeg
ONG008,Sanitary Wares,Water Closet,Lucca One Piece Toilet,Basin Dimension: (L) 700mm x (W) 365mm x (H) 800mm.,1100,"<div bis_skin_checked=""1"">
  <table style=""width: 100%;"" border=""1"" cellspacing=""5"" cellpadding=""5"">
 <tbody>
 <tr>
 <td><strong>Fixing Kit</strong></td>
 <td>Included</td>
 </tr>
 <tr>
 <td><strong>Flushing System</strong></td>
 <td>Washdown</td>
 </tr>
 <tr>
 <td><strong>Installation Type</strong></td>
 <td>Floorstanding</td>
 </tr>
 <tr>
 <td><strong>S-trap Min Setout</strong></td>
 <td>250mm</td>
 </tr>
 <tr>
 <td><strong>Shape</strong></td>
 <td>Round</td>
 </tr>
 </tbody>
 </table> 
  </div>",https://www.bumhan.com.my/product_img/IM01531.jpeg
ONG009,Sanitary Wares,Water Closet,Pisa One Piece Toilet,Basin Dimension: (L) 700mm x (W) 368mm x (H) 752mm.,900,"<div bis_skin_checked=""1"">
  <table style=""width: 100%;"" border=""1"" cellspacing=""5"" cellpadding=""5"">
 <tbody>
 <tr>
 <td><strong>Fixing Kit</strong></td>
 <td>Not Included</td>
 </tr>
 <tr>
 <td><strong>Flushing System</strong></td>
 <td>Washdown</td>
 </tr>
 <tr>
 <td><strong>Installation Type</strong></td>
 <td>Floorstanding</td>
 </tr>
 <tr>
 <td><strong>Outlet Type</strong></td>
 <td>Dual (Vario)</td>
 </tr>
 <tr>
 <td><strong>Rim Type</strong></td>
 <td>Closed</td>
 </tr>
 <tr>
 <td><strong>P-trap Setout</strong></td>
 <td>180mm</td>
 </tr>
 <tr>
 <td><strong>S-trap Min Setout</strong></td>
 <td>250mm</td>
 </tr>
 <tr>
 <td><strong>S-trap Max Setout</strong></td>
 <td>305mm</td>
 </tr>
 <tr>
 <td><strong>Shape</strong></td>
 <td>Round</td>
 </tr>
 <tr>
 <td><strong>Style</strong></td>
 <td>Neutral</td>
 </tr>
 <tr>
 <td><strong>Water Inlet System</strong></td>
 <td>Bottom Inlet</td>
 </tr>
 </tbody>
 </table> 
  </div>",https://www.bumhan.com.my/product_img/IM01529.jpeg
ONG010,Sanitary Wares,Water Closet,Bergamo Square Close Coupled Toilet,Basin Dimension: (L) 635mm x (W) 365mm (H) 770mm.,1000,"<div bis_skin_checked=""1"">
  <table style=""width: 100%;"" border=""1"" cellspacing=""5"" cellpadding=""5"">
 <tbody>
 <tr>
 <td><strong>Fixing Kit</strong></td>
 <td>Included</td>
 </tr>
 <tr>
 <td><strong>Flushing System</strong></td>
 <td>Washdown</td>
 </tr>
 <tr>
 <td><strong>Installation Type</strong></td>
 <td>Floorstanding</td>
 </tr>
 <tr>
 <td><strong>Outlet Type</strong></td>
 <td>Vertical</td>
 </tr>
 <tr>
 <td><strong>Rim Type</strong></td>
 <td>Closed</td>
 </tr>
 <tr>
 <td><strong>S-trap Min Setout</strong></td>
 <td>200mm</td>
 </tr>
 <tr>
 <td><strong>Shape</strong></td>
 <td>Square</td>
 </tr>
 <tr>
 <td><strong>Style</strong></td>
 <td>Neutral</td>
 </tr>
 <tr>
 <td><strong>Water Inlet System</strong></td>
 <td>Bottom Inlet</td>
 </tr>
 </tbody>
 </table> 
  </div>",https://www.bumhan.com.my/product_img/IM01523.jpeg
ONG011,Sanitary Wares,Water Closet,One Piece Toilet,"One piece water closet.
 Washdown with rimless flushing technology.",950,"<div bis_skin_checked=""1"">
  <table style=""width: 100%;"" border=""1"" cellspacing=""5"" cellpadding=""5"">
 <tbody>
 <tr>
 <td><strong>Outlet Type</strong></td>
 <td>P-trap: Horizontal Outlet 180mm<br>S-trap: Bottom Outlet 150/200/250mm</td>
 </tr>
 <tr>
 <td><strong>Material</strong></td>
 <td>UF (Seat Cover)</td>
 </tr>
 <tr>
 <td><strong>Dimension</strong></td>
 <td>(L) 715mm<br>(W) 360mm<br>(H) 795mm</td>
 </tr>
 </tbody>
 </table> 
  </div>",https://www.bumhan.com.my/product_img/IM01487.jpg
ONG012,Sanitary Wares,Water Closet,Wash Down One Piece Toilet,,900,"<div bis_skin_checked=""1"">
  <table style=""width: 100%;"" border=""1"" cellspacing=""5"" cellpadding=""5"">
 <tbody>
 <tr>
 <td style=""width: 44.5312%;""><strong>Type</strong></td>
 <td style=""width: 51.438%;"">Wash Down One Piece Toilet</td>
 </tr>
 </tbody>
 </table> 
  </div>",https://www.bumhan.com.my/product_img/IM01919.png
ONG013,Sanitary Wares,Water Closet,One Piece Toilet Bowl,,800,"<div bis_skin_checked=""1"">
  <table style=""width: 100%;"" border=""1"" cellspacing=""5"" cellpadding=""5"">
 <tbody>
 <tr style=""height: 13px;"">
 <td style=""width: 44.5312%; height: 13px;""><strong>Colour</strong></td>
 <td style=""width: 51.438%; height: 13px;"">Black</td>
 </tr>
 <tr style=""height: 13px;"">
 <td style=""width: 44.5312%; height: 13px;""><strong>Size</strong></td>
 <td style=""width: 51.438%; height: 13px;"">660mm<br>390mm<br>700mm</td>
 </tr>
 <tr style=""height: 13px;"">
 <td style=""width: 44.5312%; height: 13px;""><strong>S-trap</strong></td>
 <td style=""width: 51.438%; height: 13px;"">250mm (10"")</td>
 </tr>
 </tbody>
 </table> 
  </div>",https://www.bumhan.com.my/product_img/IM01921.png
ONG014,Sanitary Wares,Water Closet,One Piece Toilet Bowl,,800,"<div bis_skin_checked=""1"">
  <table style=""width: 100%;"" border=""1"" cellspacing=""5"" cellpadding=""5"">
 <tbody>
 <tr>
 <td style=""width: 44.5312%;""><strong>Colour</strong></td>
 <td style=""width: 51.438%;"">Gold</td>
 </tr>
 <tr>
 <td style=""width: 44.5312%;""><strong>Size</strong></td>
 <td style=""width: 51.438%;"">720mm<br>390mm<br>630mm</td>
 </tr>
 <tr>
 <td style=""width: 44.5312%;""><strong>S-trap</strong></td>
 <td style=""width: 51.438%;"">250mm (10"")<br>300mm (12"")</td>
 </tr>
 </tbody>
 </table> 
  </div>",https://www.bumhan.com.my/product_img/IM01920.png
ONG015,Sanitary Wares,Water Closet,One Piece Toilet Bowl,,800,"<div bis_skin_checked=""1"">
  <table style=""width: 100%;"" border=""1"" cellspacing=""5"" cellpadding=""5"">
 <tbody>
 <tr style=""height: 13px;"">
 <td style=""width: 44.5312%; height: 13px;""><strong>Colour</strong></td>
 <td style=""width: 51.438%; height: 13px;"">Rose Gold</td>
 </tr>
 <tr style=""height: 13px;"">
 <td style=""width: 44.5312%; height: 13px;""><strong>Size</strong></td>
 <td style=""width: 51.438%; height: 13px;"">720mm<br>390mm<br>630mm</td>
 </tr>
 <tr style=""height: 13px;"">
 <td style=""width: 44.5312%; height: 13px;""><strong>S-trap</strong></td>
 <td style=""width: 51.438%; height: 13px;"">250mm (10"")<br>300mm (12"")</td>
 </tr>
 </tbody>
 </table> 
  </div>",https://www.bumhan.com.my/product_img/IM01924.png
ONG016,Sanitary Wares,Water Closet,One Piece Toilet Bowl,,800,"<div bis_skin_checked=""1"">
  <table style=""width: 100%;"" border=""1"" cellspacing=""5"" cellpadding=""5"">
 <tbody>
 <tr style=""height: 13px;"">
 <td style=""width: 44.5312%; height: 13px;""><strong>Colour</strong></td>
 <td style=""width: 51.438%; height: 13px;"">Black &amp; Gold</td>
 </tr>
 <tr style=""height: 13px;"">
 <td style=""width: 44.5312%; height: 13px;""><strong>Size</strong></td>
 <td style=""width: 51.438%; height: 13px;"">720mm<br>390mm<br>630mm</td>
 </tr>
 <tr style=""height: 13px;"">
 <td style=""width: 44.5312%; height: 13px;""><strong>S-trap</strong></td>
 <td style=""width: 51.438%; height: 13px;"">250mm (10"")</td>
 </tr>
 </tbody>
 </table> 
  </div>",https://www.bumhan.com.my/product_img/IM01922.png
ONG017,Sanitary Wares,Water Closet,One Piece Toilet Bowl,,800,"<div bis_skin_checked=""1"">
  <table style=""width: 100%;"" border=""1"" cellspacing=""5"" cellpadding=""5"">
 <tbody>
 <tr style=""height: 13px;"">
 <td style=""width: 44.5312%; height: 13px;""><strong>Colour</strong></td>
 <td style=""width: 51.438%; height: 13px;"">Black &amp; Rose Gold</td>
 </tr>
 <tr style=""height: 13px;"">
 <td style=""width: 44.5312%; height: 13px;""><strong>Size</strong></td>
 <td style=""width: 51.438%; height: 13px;"">720mm<br>390mm<br>630mm</td>
 </tr>
 <tr style=""height: 13px;"">
 <td style=""width: 44.5312%; height: 13px;""><strong>S-trap</strong></td>
 <td style=""width: 51.438%; height: 13px;"">250mm (10"")</td>
 </tr>
 </tbody>
 </table> 
  </div>",https://www.bumhan.com.my/product_img/IM01923.png
ONG018,Sanitary Wares,Wash Basin,Console Lavatory,"Ceramic natural roundness with ultra-thin frame.
 Deliberately off-balance design expresses a distinctive sense of comfort.
 Reminiscent of handwork produces a distorted shape that conveys a free form curve design resisting numerical specification.
 Cefiontect technology: super smooth, ion barrier glaze for a clean lavatory.",550,"<div bis_skin_checked=""1"">
  <table border=""1"" width=""100%"" cellspacing=""5"" cellpadding=""5"">
 <tbody>
 <tr valign=""top"">
 <td width=""30%""><strong>Basin Dimensions</strong></td>
 <td width=""70%"">(W)&nbsp;460mm<br>(D) 420mm<br>(H) 130mm</td>
 </tr>
 <tr valign=""top"">
 <td width=""30%""><strong>Material</strong></td>
 <td width=""70%"">Vitreous China</td>
 </tr>
 </tbody>
 </table> 
  </div>",https://www.bumhan.com.my/product_img/IM01545.png
ONG019,Sanitary Wares,Wash Basin,Console Lavatory,"Ceramic's natural roundness with ultra-thin frame.
 The vessel's spacious design also makes the users look beautiful.
 Cefiontect technology: super smooth, ion barrier glazing for a clean lavatory.",650,"<div bis_skin_checked=""1"">
  <table border=""1"" width=""100%"" cellspacing=""5"" cellpadding=""5"">
 <tbody>
 <tr valign=""top"">
 <td width=""30%""><strong>Basin Dimensions</strong></td>
 <td width=""70%"">(W) 600mm<br>(D) 420mm<br>(H) 90mm</td>
 </tr>
 <tr valign=""top"">
 <td width=""30%""><strong>Material</strong></td>
 <td width=""70%"">Ceramic</td>
 </tr>
 </tbody>
 </table> 
  </div>",https://www.bumhan.com.my/product_img/IM01546.png
ONG020,Sanitary Wares,Wash Basin,Console Lavatory,".
 
 
 Cefiontech technology: super smooth, ion barrier glazing for a clean lavatory.
 
 
 Front overflow.",900,"<div bis_skin_checked=""1"">
  <table border=""1"" width=""100%"" cellspacing=""5"" cellpadding=""5"">
 <tbody>
 <tr valign=""top"">
 <td width=""30%""><strong>Basin Dimensions</strong></td>
 <td width=""70%"">(W) 600mm<br>(D) 380mm<br>(H) 70mm</td>
 </tr>
 <tr valign=""top"">
 <td width=""30%""><strong>Material</strong></td>
 <td width=""70%"">Ceramic</td>
 </tr>
 </tbody>
 </table> 
  </div>",https://www.bumhan.com.my/product_img/IM01547.png
ONG021,Sanitary Wares,Wash Basin,Console Lavatory,Simple square geometry with sleek and stylish design console lavatory.,900,"<div bis_skin_checked=""1"">
  <table border=""1"" width=""100%"" cellspacing=""5"" cellpadding=""5"">
 <tbody>
 <tr valign=""top"">
 <td width=""30%""><strong>Basin Dimensions</strong></td>
 <td width=""70%"">(W)&nbsp;420mm<br>(D) 420mm<br>(H) 125mm</td>
 </tr>
 <tr valign=""top"">
 <td width=""30%""><strong>Material</strong></td>
 <td width=""70%"">Ceramic</td>
 </tr>
 </tbody>
 </table> 
  </div>",https://www.bumhan.com.my/product_img/IM01543.png
ONG022,Sanitary Wares,Wash Basin,Console Lavatory,"Curve, sleek and stylish design console lavatory.
 
 
 Rear overflow.
 
 
 Cefiontech technology: super smooth, ion barrier glazing for a clean lavatory.",1000,"<div bis_skin_checked=""1"">
  <table border=""1"" width=""100%"" cellspacing=""5"" cellpadding=""5"">
 <tbody>
 <tr valign=""top"">
 <td width=""30%""><strong>Basin Dimensions</strong></td>
 <td width=""70%"">(W) 620mm<br>(D) 430mm<br>(H) 130mm</td>
 </tr>
 <tr valign=""top"">
 <td width=""30%""><strong>Material</strong></td>
 <td width=""70%"">Ceramic</td>
 </tr>
 </tbody>
 </table> 
  </div>",https://www.bumhan.com.my/product_img/IM01544.png
ONG023,Sanitary Wares,Wash Basin,Omni+ Wall Hung Lavatory,"Curve, sleek and stylish design wall hung lavatory.",1100,"<div bis_skin_checked=""1"">
  <table border=""1"" width=""100%"" cellspacing=""5"" cellpadding=""5"">
 <tbody>
 <tr valign=""top"">
 <td width=""30%""><strong>Basin Dimensions</strong></td>
 <td width=""70%"">(W)&nbsp;455mm<br>(D) 430mm<br>(H) 330mm</td>
 </tr>
 <tr valign=""top"">
 <td width=""30%""><strong>Material</strong></td>
 <td width=""70%"">Ceramic</td>
 </tr>
 </tbody>
 </table> 
  </div>",https://www.bumhan.com.my/product_img/IM01418.jpg
ONG024,Sanitary Wares,Wash Basin,La Moda Vessel Wash Basin,,900,"<div bis_skin_checked=""1"">
  <table border=""1"" width=""100%"" cellspacing=""5"" cellpadding=""5"">
 <tbody>
 <tr style=""height: 40.6px;"" valign=""top"">
 <td style=""height: 40.6px;"" width=""30%""><strong>Basin Dimensions</strong></td>
 <td style=""height: 40.6px;"" width=""70%"">(L) 600mm<br>(W) 417mm<br>(H) 175mm</td>
 </tr>
 </tbody>
 </table> 
  </div>",https://www.bumhan.com.my/product_img/IM01391.jpg
ONG025,Sanitary Wares,Wash Basin,Neo Modern Vessel Wash Basin,"Design: thin edge design (12mm).
 
 
 Overflow: without overflow.",890,"<div bis_skin_checked=""1"">
  <table border=""1"" width=""100%"" cellspacing=""5"" cellpadding=""5"">
 <tbody>
 <tr valign=""top"">
 <td width=""30%""><strong>Faucet Drillings</strong></td>
 <td width=""70%"">None</td>
 </tr>
 <tr valign=""top"">
 <td width=""30%""><strong>Overall Dimensions</strong></td>
 <td width=""70%"">(L) 545mm<br>(W) 400mm<br>(H) 184mm</td>
 </tr>
 <tr valign=""top"">
 <td width=""30%""><strong>Basin Dimensions</strong></td>
 <td width=""70%"">(L) 545mm<br>(W) 400mm<br>(H) 184mm</td>
 </tr>
 </tbody>
 </table> 
  </div>",https://www.bumhan.com.my/product_img/IM01389.jpg
ONG026,Sanitary Wares,Wash Basin,Thin Touch Square 50 Vessel Wash Basin (Countertop) – Long,,880,"<div bis_skin_checked=""1"">
  <table border=""1"" width=""100%"" cellspacing=""5"" cellpadding=""5"">
 <tbody>
 <tr style=""height: 40.6px;"" valign=""top"">
 <td style=""height: 40.6px;"" width=""30%""><strong>Basin Dimensions</strong></td>
 <td style=""height: 40.6px;"" width=""70%"">(L) 499mm<br>(W) 399mm<br>(H) 181mm</td>
 </tr>
 </tbody>
 </table> 
  </div>",https://www.bumhan.com.my/product_img/IM01392.jpg
ONG027,Sanitary Wares,Wash Basin,Thin Rim Table Top Basin,"Round shaped, anti germ glaze.",890,"<div bis_skin_checked=""1"">
  <table style=""width: 100%;"" border=""1"" cellspacing=""5"" cellpadding=""5"">
 <tbody>
 <tr style=""height: 13px;"">
 <td style=""height: 13px;""><strong>Range</strong></td>
 <td style=""height: 13px;"">Solo</td>
 </tr>
 <tr style=""height: 13px;"">
 <td style=""height: 13px;""><strong>Type</strong></td>
 <td style=""height: 13px;"">Table Top basin</td>
 </tr>
 <tr style=""height: 13px;"">
 <td style=""height: 13px;""><strong>Dimensions</strong></td>
 <td style=""height: 13px;"">(L) 360mm<br>(W) 360mm<br>(H) 120mm</td>
 </tr>
 </tbody>
 </table> 
  </div>",https://www.bumhan.com.my/product_img/IM01471.jpeg
ONG028,Sanitary Wares,Wash Basin,Table Top Basin,"Boat shaped, anti germ glaze.",910,"<div bis_skin_checked=""1"">
  <table style=""width: 100%;"" border=""1"" cellspacing=""5"" cellpadding=""5"">
 <tbody>
 <tr style=""height: 13px;"">
 <td style=""height: 13px;""><strong>Range</strong></td>
 <td style=""height: 13px;"">Continental</td>
 </tr>
 <tr style=""height: 13px;"">
 <td style=""height: 13px;""><strong>Type</strong></td>
 <td style=""height: 13px;"">Table Top Basin</td>
 </tr>
 <tr style=""height: 13px;"">
 <td style=""height: 13px;""><strong>Outlet</strong></td>
 <td style=""height: 13px;"">Horizontal</td>
 </tr>
 <tr style=""height: 13px;"">
 <td style=""height: 13px;""><strong>Material</strong></td>
 <td style=""height: 13px;"">Ceramic - Vitreous China</td>
 </tr>
 <tr style=""height: 13px;"">
 <td style=""height: 39.4px;"" rowspan=""2""><strong>Technical Details</strong></td>
 <td style=""height: 13px;"">ID of waste outlet hole 45&nbsp;Ø +2 -1mm</td>
 </tr>
 <tr style=""height: 13px;"">
 <td style=""height: 13px;"">Horizontal distance between the bowl edges and the center line of the waste outlet hole&nbsp;≤ 170mm&nbsp;</td>
 </tr>
 <tr style=""height: 13px;"">
 <td style=""height: 13px;""><strong>Dimensions</strong></td>
 <td style=""height: 13px;"">(L) 425mm<br>(W) 340mm<br>(H) 175mm</td>
 </tr>
 </tbody>
 </table> 
  </div>",https://www.bumhan.com.my/product_img/IM01463.jpeg
ONG029,Sanitary Wares,Wash Basin,Table Top Basin,"Square shaped with tap hole and over flow hole, anti germ glaze.",980,"<div bis_skin_checked=""1"">
  <table style=""width: 100%;"" border=""1"" cellspacing=""5"" cellpadding=""5"">
 <tbody>
 <tr style=""height: 13px;"">
 <td style=""height: 13px;""><strong>Range</strong></td>
 <td style=""height: 13px;"">Continental</td>
 </tr>
 <tr style=""height: 13px;"">
 <td style=""height: 13px;""><strong>Type</strong></td>
 <td style=""height: 13px;"">Table Top Basin</td>
 </tr>
 <tr style=""height: 13px;"">
 <td style=""height: 13px;""><strong>Outlet</strong></td>
 <td style=""height: 13px;"">Horizontal</td>
 </tr>
 <tr style=""height: 13px;"">
 <td style=""height: 13px;""><strong>Material</strong></td>
 <td style=""height: 13px;"">Ceramic - Vitreous China</td>
 </tr>
 <tr style=""height: 13px;"">
 <td style=""height: 39.4px;"" rowspan=""3""><strong>Technical Details</strong></td>
 <td style=""height: 13px;"">Diameter of the top hole 35&nbsp;Ø +2 -1mm</td>
 </tr>
 <tr style=""height: 13px;"">
 <td style=""height: 13px;"">ID of waste outlet hole 45&nbsp;Ø +2 -1mm</td>
 </tr>
 <tr style=""height: 13px;"">
 <td style=""height: 13px;"">Horizontal distance between the&nbsp;center line of the tap hole and the center line of the waste outlet hole&nbsp;≤ 137mm&nbsp;</td>
 </tr>
 <tr style=""height: 13px;"">
 <td style=""height: 13px;""><strong>Dimensions</strong></td>
 <td style=""height: 13px;"">(L) 410mm<br>(W) 410mm<br>(H) 155mm</td>
 </tr>
 </tbody>
 </table> 
  </div>",https://www.bumhan.com.my/product_img/IM01472.jpeg
ONG030,Sanitary Wares,Wash Basin,Table Top Basin,"With tap hole and over flow hole, anti germ glaze.",830,"<div bis_skin_checked=""1"">
  <table style=""width: 100%;"" border=""1"" cellspacing=""5"" cellpadding=""5"">
 <tbody>
 <tr style=""height: 13px;"">
 <td style=""height: 13px;""><strong>Range</strong></td>
 <td style=""height: 13px;"">Fonte</td>
 </tr>
 <tr style=""height: 13px;"">
 <td style=""height: 13px;""><strong>Type</strong></td>
 <td style=""height: 13px;"">Table Top Basin</td>
 </tr>
 <tr style=""height: 13px;"">
 <td style=""height: 13px;""><strong>Outlet</strong></td>
 <td style=""height: 13px;"">Horizontal</td>
 </tr>
 <tr style=""height: 13px;"">
 <td style=""height: 13px;""><strong>Material</strong></td>
 <td style=""height: 13px;"">Ceramic - Vitreous China</td>
 </tr>
 <tr style=""height: 13px;"">
 <td style=""height: 39.4px;"" rowspan=""3""><strong>Technical Details</strong></td>
 <td style=""height: 13px;"">Diameter of the tap hole 35 Ø +2 -1mm</td>
 </tr>
 <tr style=""height: 13px;"">
 <td style=""height: 13px;"">ID of waste outlet hole 45&nbsp;Ø +2 -1mm</td>
 </tr>
 <tr style=""height: 13px;"">
 <td style=""height: 13px;"">Horizontal distance between the centre line of the tap hole and the center line of the waste outlet hole&nbsp;≤ 130mm&nbsp;</td>
 </tr>
 <tr style=""height: 13px;"">
 <td style=""height: 13px;""><strong>Dimensions</strong></td>
 <td style=""height: 13px;"">(L) 500mm<br>(W) 420mm<br>(H) 200mm</td>
 </tr>
 </tbody>
 </table> 
  </div>",https://www.bumhan.com.my/product_img/IM01460.jpeg
ONG031,Sanitary Wares,Wash Basin,Table Top Basin,With over tap hole and anti germ glaze.,880,"<div bis_skin_checked=""1"">
  <table style=""width: 100%;"" border=""1"" cellspacing=""5"" cellpadding=""5"">
 <tbody>
 <tr style=""height: 13px;"">
 <td style=""height: 13px;""><strong>Range</strong></td>
 <td style=""height: 13px;"">Vignette</td>
 </tr>
 <tr style=""height: 13px;"">
 <td style=""height: 13px;""><strong>Type</strong></td>
 <td style=""height: 13px;"">Table Top Basin</td>
 </tr>
 <tr style=""height: 13px;"">
 <td style=""height: 13px;""><strong>Outlet</strong></td>
 <td style=""height: 13px;"">Horizontal</td>
 </tr>
 <tr style=""height: 13px;"">
 <td style=""height: 13px;""><strong>Material</strong></td>
 <td style=""height: 13px;"">Ceramic - Vitreous China</td>
 </tr>
 <tr style=""height: 13px;"">
 <td style=""height: 39.4px;"" rowspan=""2""><strong>Technical Details</strong></td>
 <td style=""height: 13px;"">ID of waste outlet hole 45&nbsp;Ø +2 -1mm</td>
 </tr>
 <tr style=""height: 13px;"">
 <td style=""height: 13px;"">Horizontal distance between&nbsp;the center line of the tap hole and the center line of the waste outlet hole&nbsp;≤ 170mm&nbsp;</td>
 </tr>
 <tr style=""height: 13px;"">
 <td style=""height: 13px;""><strong>Dimensions</strong></td>
 <td style=""height: 13px;"">(L) 600mm<br>(W) 385mm<br>(H) 195mm</td>
 </tr>
 </tbody>
 </table> 
  </div>",https://www.bumhan.com.my/product_img/IM01462.jpeg
ONG032,Sanitary Wares,Wash Basin,Wall Hung Integrated Basin,"Integrated design with tap hole and over flow cap, anti germ glaze.",790,"<div bis_skin_checked=""1"">
  <table style=""width: 100%;"" border=""1"" cellspacing=""5"" cellpadding=""5"">
 <tbody>
 <tr style=""height: 13px;"">
 <td style=""height: 13px;""><strong>Range</strong></td>
 <td style=""height: 13px;"">Aria</td>
 </tr>
 <tr style=""height: 13px;"">
 <td style=""height: 13px;""><strong>Type</strong></td>
 <td style=""height: 13px;"">Wall Hung&nbsp;Basin</td>
 </tr>
 <tr style=""height: 13px;"">
 <td style=""height: 13px;""><strong>Outlet</strong></td>
 <td style=""height: 13px;"">Horizontal</td>
 </tr>
 <tr style=""height: 13px;"">
 <td style=""height: 13px;""><strong>Material</strong></td>
 <td style=""height: 13px;"">Ceramic - Vitreous China</td>
 </tr>
 <tr style=""height: 13px;"">
 <td style=""height: 39.4px;"" rowspan=""3""><strong>Technical Details</strong></td>
 <td style=""height: 13px;"">Diameter of the tap hole 35&nbsp;Ø +2 -1mm</td>
 </tr>
 <tr style=""height: 13px;"">
 <td style=""height: 13px;"">ID of waste outlet hole 45&nbsp;Ø +2 -3mm</td>
 </tr>
 <tr style=""height: 13px;"">
 <td style=""height: 13px;"">Horizontal distance between&nbsp;the center line of the tap hole and the center line of the waste outlet hole&nbsp;≤ 130mm&nbsp;</td>
 </tr>
 <tr style=""height: 13px;"">
 <td style=""height: 13px;""><strong>Dimensions</strong></td>
 <td style=""height: 13px;"">(L) 500mm<br>(W) 440mm<br>(H) 385mm</td>
 </tr>
 </tbody>
 </table> 
  </div>",https://www.bumhan.com.my/product_img/IM01469.jpeg
ONG033,Sanitary Wares,Wash Basin,Table Top Basin,Basin without tap hole.,800,"<div bis_skin_checked=""1"">
  <table style=""width: 100%;"" border=""1"" cellspacing=""5"" cellpadding=""5"">
 <tbody>
 <tr style=""height: 13px;"">
 <td style=""height: 13px;""><strong>Range</strong></td>
 <td style=""height: 13px;"">Kavalier</td>
 </tr>
 <tr style=""height: 13px;"">
 <td style=""height: 13px;""><strong>Type</strong></td>
 <td style=""height: 13px;"">Table Top Basin</td>
 </tr>
 <tr style=""height: 13px;"">
 <td style=""height: 13px;""><strong>Outlet</strong></td>
 <td style=""height: 13px;"">Horizontal</td>
 </tr>
 <tr style=""height: 13px;"">
 <td style=""height: 13px;""><strong>Material</strong></td>
 <td style=""height: 13px;"">Ceramic - Vitreous China</td>
 </tr>
 <tr style=""height: 13px;"">
 <td style=""height: 39.4px;"" rowspan=""2""><strong>Technical Details</strong></td>
 <td style=""height: 13px;"">ID of waste outlet hole 45&nbsp;Ø +2 -3mm</td>
 </tr>
 <tr style=""height: 13px;"">
 <td style=""height: 13px;"">Horizontal distance between the bowl edges and the center line of the waste outlet hole&nbsp;≤ 240mm&nbsp;</td>
 </tr>
 <tr style=""height: 13px;"">
 <td style=""height: 13px;""><strong>Dimensions</strong></td>
 <td style=""height: 13px;"">(L) 710mm<br>(W) 460mm<br>(H) 180mm</td>
 </tr>
 </tbody>
 </table> 
  </div>",https://www.bumhan.com.my/product_img/IM01481.jpg
ONG034,Sanitary Wares,Wash Basin,Designer Countertop Basin,"Designer counter top basin.
 Rectangle shaped.",870,"<div bis_skin_checked=""1"">
  <table style=""width: 100%;"" border=""1"" cellspacing=""5"" cellpadding=""5"">
 <tbody>
 <tr>
 <td><strong>Dimension</strong></td>
 <td>(L) 460mm<br>(W) 330mm<br>(H) 140mm</td>
 </tr>
 </tbody>
 </table> 
  </div>",https://www.bumhan.com.my/product_img/IM01490.jpg
ONG035,Sanitary Wares,Wash Basin,Designer Countertop Basin,"Designer counter top basin.
 Round shaped.",890,"<div bis_skin_checked=""1"">
  <table style=""width: 100%;"" border=""1"" cellspacing=""5"" cellpadding=""5"">
 <tbody>
 <tr>
 <td><strong>Dimension</strong></td>
 <td>(L) 420mm<br>(W) 420mm<br>(H) 135mm</td>
 </tr>
 </tbody>
 </table> 
  </div>",https://www.bumhan.com.my/product_img/IM01491.jpg
ONG036,Sanitary Wares,Wash Basin,Designer Countertop Basin,"Designer counter top basin.
 Oval shaped.",900,"<div bis_skin_checked=""1"">
  <table style=""width: 100%;"" border=""1"" cellspacing=""5"" cellpadding=""5"">
 <tbody>
 <tr>
 <td><strong>Dimension</strong></td>
 <td>(L) 590mm<br>(W) 335mm<br>(H) 145mm</td>
 </tr>
 </tbody>
 </table> 
  </div>",https://www.bumhan.com.my/product_img/IM01488.jpg
ONG037,Sanitary Wares,Wash Basin,Ultra Thin Edge Black Basin,"Ultra thin edge black basin.
 Round shaped.",900,"<div bis_skin_checked=""1"">
  <table style=""width: 100%;"" border=""1"" cellspacing=""5"" cellpadding=""5"">
 <tbody>
 <tr>
 <td><strong>Dimension</strong></td>
 <td>(L) 420mm<br>(W) 420mm<br>(H) 135mm</td>
 </tr>
 </tbody>
 </table> 
  </div>",https://www.bumhan.com.my/product_img/IM01493.jpg
ONG038,Sanitary Wares,Wash Basin,Ultra Thin Edge Black Basin,"Ultra thin edge black basin.
 Square shaped.",900,"<div bis_skin_checked=""1"">
  <table style=""width: 100%;"" border=""1"" cellspacing=""5"" cellpadding=""5"">
 <tbody>
 <tr>
 <td><strong>Dimension</strong></td>
 <td>(L) 390mm<br>(W) 390mm<br>(H) 135mm</td>
 </tr>
 </tbody>
 </table> 
  </div>",https://www.bumhan.com.my/product_img/IM01492.jpg
ONG039,Sanitary Wares,Wash Basin,Countertop Basin,Countertop basin.,760,"<div bis_skin_checked=""1"">
  <table style=""width: 100%;"" border=""1"" cellspacing=""5"" cellpadding=""5"">
 <tbody>
 <tr>
 <td><strong>Dimension</strong></td>
 <td>(L) 670mm<br>(W) 440mm<br>(H) 150mm</td>
 </tr>
 </tbody>
 </table> 
  </div>",https://www.bumhan.com.my/product_img/IM01555.png
ONG041,Sanitary Wares,Wash Basin,Countertop Basin,Countertop basin.,750,"<div bis_skin_checked=""1"">
  <table style=""width: 100%;"" border=""1"" cellspacing=""5"" cellpadding=""5"">
 <tbody>
 <tr>
 <td><strong>Dimension</strong></td>
 <td>(L) 590mm<br>(W) 390mm<br>(H) 215mm</td>
 </tr>
 </tbody>
 </table> 
  </div>",https://www.bumhan.com.my/product_img/IM01539.png
,Sanitary Wares,Wash Basin,Countertop Basin,"Countertop basin.
 Remark: machining.",820,"<div bis_skin_checked=""1"">
  <table style=""width: 100%;"" border=""1"" cellspacing=""5"" cellpadding=""5"">
 <tbody>
 <tr>
 <td><strong>Dimension</strong></td>
 <td>(L) 600mm<br>(W) 420mm<br>(H) 160mm</td>
 </tr>
 </tbody>
 </table> 
  </div>",https://www.bumhan.com.my/product_img/IM01551.png
ONG042,Sanitary Wares,Wash Basin,Countertop Basin,"Countertop basin.
 Remark: machining.",830,"<div bis_skin_checked=""1"">
  <table style=""width: 100%;"" border=""1"" cellspacing=""5"" cellpadding=""5"">
 <tbody>
 <tr>
 <td><strong>Dimension</strong></td>
 <td>(L) 400mm<br>(W) 400mm<br>(H) 160mm</td>
 </tr>
 </tbody>
 </table> 
  </div>",https://www.bumhan.com.my/product_img/IM01552.png
ONG043,Sanitary Wares,Wash Basin,Countertop Basin,Countertop basin.,750,"<div bis_skin_checked=""1"">
  <table style=""width: 100%;"" border=""1"" cellspacing=""5"" cellpadding=""5"">
 <tbody>
 <tr>
 <td><strong>Dimension</strong></td>
 <td>(L) 580mm<br>(W) 370mm<br>(H) 150mm</td>
 </tr>
 </tbody>
 </table> 
  </div>",https://www.bumhan.com.my/product_img/IM01541.png
ONG044,Sanitary Wares,Wash Basin,Countertop Basin,"Countertop basin.
 Remark: machining.",790,"<div bis_skin_checked=""1"">
  <table style=""width: 100%;"" border=""1"" cellspacing=""5"" cellpadding=""5"">
 <tbody>
 <tr>
 <td><strong>Dimension</strong></td>
 <td>(L) 515mm<br>(W) 400mm<br>(H) 135mm</td>
 </tr>
 </tbody>
 </table> 
  </div>",https://www.bumhan.com.my/product_img/IM01553.png
ONG045,Sanitary Wares,Wash Basin,Countertop Basin,Countertop basin.,780,"<div bis_skin_checked=""1"">
  <table style=""width: 100%;"" border=""1"" cellspacing=""5"" cellpadding=""5"">
 <tbody>
 <tr>
 <td><strong>Dimension</strong></td>
 <td>(L) 610mm<br>(W) 390mm<br>(H) 135mm</td>
 </tr>
 </tbody>
 </table> 
  </div>",https://www.bumhan.com.my/product_img/IM01542.png
ONG046,Sanitary Wares,Wash Basin,Countertop Basin,Countertop basin.,800,"<div bis_skin_checked=""1"">
  <table style=""width: 100%;"" border=""1"" cellspacing=""5"" cellpadding=""5"">
 <tbody>
 <tr>
 <td><strong>Dimension</strong></td>
 <td>(L) 630mm<br>(W) 370mm<br>(H) 150mm</td>
 </tr>
 </tbody>
 </table> 
  </div>",https://www.bumhan.com.my/product_img/IM01554.png
ONG047,Sanitary Wares,Wash Basin,Countertop Basin,Countertop basin.,840,"<div bis_skin_checked=""1"">
  <table style=""width: 100%;"" border=""1"" cellspacing=""5"" cellpadding=""5"">
 <tbody>
 <tr>
 <td><strong>Dimension</strong></td>
 <td>(L) 530mm<br>(W) 410mm<br>(H) 200mm</td>
 </tr>
 </tbody>
 </table> 
  </div>",https://www.bumhan.com.my/product_img/IM01549.png
ONG048,Sanitary Wares,Wash Basin,Countertop Basin,Countertop basin.,689,"<div bis_skin_checked=""1"">
  <table style=""width: 100%;"" border=""1"" cellspacing=""5"" cellpadding=""5"">
 <tbody>
 <tr>
 <td><strong>Dimension</strong></td>
 <td>(L) 550mm<br>(W) 410mm<br>(H) 140mm</td>
 </tr>
 </tbody>
 </table> 
  </div>",https://www.bumhan.com.my/product_img/IM01548.png
ONG049,Sanitary Wares,Wash Basin,Semi-recessed Basin,Semi-recessed basin.,839,"<div bis_skin_checked=""1"">
  <table style=""width: 100%;"" border=""1"" cellspacing=""5"" cellpadding=""5"">
 <tbody>
 <tr>
 <td><strong>Dimension</strong></td>
 <td>(L) 575mm<br>(W) 405mm<br>(H) 185mm</td>
 </tr>
 </tbody>
 </table> 
  </div>",https://www.bumhan.com.my/product_img/IM01550.png
ONG050,Sanitary Wares,Wash Basin,Art Basin,Art basin.,890,"<div bis_skin_checked=""1"">
  <table style=""width: 100%;"" border=""1"" cellspacing=""5"" cellpadding=""5"">
 <tbody>
 <tr>
 <td><strong>Dimension</strong></td>
 <td>(L) 494mm<br>(W) 400mm<br>(H) 255mm</td>
 </tr>
 </tbody>
 </table> 
  </div>",https://www.bumhan.com.my/product_img/IM01918.png
ONG051,Sanitary Wares,Wash Basin,Ceramic Basin,Ceramic basin.,700,,https://www.bumhan.com.my/product_img/IM01917.png
ONG052,Sanitary Wares,Shower,2-Way Exposed Shower Column without Mixer,,900,"<div bis_skin_checked=""1"">
  <table style=""width: 100%;"" border=""1"" cellspacing=""5"" cellpadding=""5"">
 <tbody>
 <tr>
 <td><strong>Type</strong></td>
 <td>2-way Exposed Rain Shower</td>
 </tr>
 <tr>
 <td><strong>Material</strong></td>
 <td>ABS Chrome</td>
 </tr>
 </tbody>
 </table> 
  </div>",https://www.bumhan.com.my/product_img/IM01893.png
ONG053,Sanitary Wares,Shower,Sliding Shower Set,"Stainless steel chrome sliding bar.
 1.5m stainless steel polish flexible hose.",800,,https://www.bumhan.com.my/product_img/IM01912.png
ONG054,Sanitary Wares,Shower,Floor Standing Bath & Shower Mixer,,800,"<div bis_skin_checked=""1"">
  <table style=""width: 100%;"" border=""1"" cellspacing=""5"" cellpadding=""5"">
 <tbody>
 <tr>
 <td style=""width: 37.7205%;""><strong>Material</strong></td>
 <td style=""width: 56.6343%;"">Brass Chrome</td>
 </tr>
 </tbody>
 </table> 
  </div>",https://www.bumhan.com.my/product_img/IM01776.jpg
ONG055,Sanitary Wares,Shower,Floor Standing Bath & Shower Mixer,,800,"<div bis_skin_checked=""1"">
  <table style=""width: 100%;"" border=""1"" cellspacing=""5"" cellpadding=""5"">
 <tbody>
 <tr>
 <td><strong>Material</strong></td>
 <td>Brass Chrome</td>
 </tr>
 </tbody>
 </table> 
  </div>",https://www.bumhan.com.my/product_img/IM01777.jpg
ONG056,Sanitary Wares,Shower,Floor Standing Bath & Shower Mixer,,900,"<div bis_skin_checked=""1"">
  <table style=""width: 100%;"" border=""1"" cellspacing=""5"" cellpadding=""5"">
 <tbody>
 <tr style=""height: 13px;"">
 <td style=""height: 13px; width: 29.9164%;""><strong>Material</strong></td>
 <td style=""height: 13px; width: 64.4384%;"">Brass</td>
 </tr>
 <tr style=""height: 13px;"">
 <td style=""height: 13px; width: 29.9164%;""><strong>Finishing</strong></td>
 <td style=""height: 13px; width: 64.4384%;"">Black</td>
 </tr>
 </tbody>
 </table> 
  </div>",https://www.bumhan.com.my/product_img/IM01778.jpg
ONG057,Sanitary Wares,Shower,Square Ultrathin Rain Shower,,800,"<div bis_skin_checked=""1"">
  <table style=""width: 100%;"" border=""1"" cellspacing=""5"" cellpadding=""5"">
 <tbody>
 <tr>
 <td style=""width: 44.6692%;""><strong>Size</strong></td>
 <td style=""width: 51.3001%;"">400mm</td>
 </tr>
 <tr>
 <td style=""width: 44.6692%;""><strong>Thickness</strong></td>
 <td style=""width: 51.3001%;"">4mm</td>
 </tr>
 <tr>
 <td style=""width: 44.6692%;""><strong>Material</strong></td>
 <td style=""width: 51.3001%;"">SUS 304 Stainless Steel Polish</td>
 </tr>
 </tbody>
 </table> 
  </div>",https://www.bumhan.com.my/product_img/IM01815.png
ONG058,Sanitary Wares,Shower,3-Way Shower Column,,900,"<div bis_skin_checked=""1"">
  <table style=""width: 100%;"" border=""1"" cellspacing=""5"" cellpadding=""5"">
 <tbody>
 <tr style=""height: 13px;"">
 <td style=""width: 51.2625px; height: 13px;""><strong>Type</strong></td>
 <td style=""width: 102.737px; height: 13px;"">3-Way Shower Column</td>
 </tr>
 <tr style=""height: 27px;"">
 <td style=""width: 51.2625px; height: 27px;""><strong>Finish</strong></td>
 <td style=""width: 102.737px; height: 27px;"">Black &amp; Rose Gold</td>
 </tr>
 </tbody>
 </table> 
  </div>",https://www.bumhan.com.my/product_img/IM01895.png
ONG059,Sanitary Wares,Taps,Single Lever High Neck Basin Mixer (Chrome),"Single Lever High Neck Basin Mixer without Popup Waste, with 600mm Long Braided Hoses.",840,"<div bis_skin_checked=""1"">
  <table style=""width: 100%;"" border=""1"" cellspacing=""5"" cellpadding=""5"">
 <tbody>
 <tr>
 <td><strong>Range</strong></td>
 <td>Opal Prime</td>
 </tr>
 <tr>
 <td><strong>Connection Size</strong></td>
 <td>Braided hoses, 1/2"" FIP (WRAS Approved)<br>Withstand pressure of 10 Bar</td>
 </tr>
 <tr>
 <td><strong>Flow Rate</strong></td>
 <td>14.23 LPM @ 3 bar</td>
 </tr>
 <tr>
 <td><strong>Flow Regulator</strong></td>
 <td>By using flow regulators (Product should be ordered with suffix as G-2.5 LPM, GA-6.0 LPM, GB-8.0 LPM, GC-13.0 LPM, GD-3.8 LPM &amp; GE-1.3 LPM @ 3.0 Bar pressure) one can regulate the flow rate</td>
 </tr>
 <tr>
 <td><strong>Recommended Water Pressure</strong></td>
 <td>0.5 Bar - 5 Bar</td>
 </tr>
 <tr>
 <td><strong>Water Tightness</strong></td>
 <td>16 bar (Pass)</td>
 </tr>
 <tr>
 <td><strong>Pressure Resistance</strong></td>
 <td>25 bar (Pass)</td>
 </tr>
 <tr>
 <td><strong>Available Colour Finishing</strong></td>
 <td>Antique Bronze (ABR)<br>Antique Copper (ACR)<br>Black Chrome (BCH)<br>Black Matt (BLM)<br>Gold Dust (GDS)<br>Full Gold (GLD)<br>Graphite (GRF)<br>Stainless Steel Finish (SSF)<br>White Matt (WHM)</td>
 </tr>
 </tbody>
 </table> 
  </div>",https://www.bumhan.com.my/product_img/IM01468.jpeg
ONG060,Sanitary Wares,Taps,High Neck Basin Tap,,600,"<div bis_skin_checked=""1"">
  <table style=""width: 100%;"" border=""1"" cellspacing=""5"" cellpadding=""5"">
 <tbody>
 <tr>
 <td style=""width: 36.4301%;""><strong>Product Range</strong></td>
 <td style=""width: 57.5699%;"">Kubix Prime</td>
 </tr>
 <tr>
 <td style=""width: 36.4301%;""><strong>Flow Rate</strong></td>
 <td style=""width: 57.5699%;"">14.29 LPM @ 3 bar</td>
 </tr>
 <tr>
 <td style=""width: 36.4301%;""><strong>Flow&nbsp;Regulator</strong></td>
 <td style=""width: 57.5699%;"">By using flow regulators (Product should be ordered with suffix as G-2.5 LPM, GA-6.0 LPM, GB-8.0 LPM, GC-13.0 LPM, GD-3.8 LPM &amp; GE-1.3 LPM @ 3.0 Bar pressure) one can regulate the flow rate.</td>
 </tr>
 <tr>
 <td style=""width: 36.4301%;""><strong>Recommended Water Pressure</strong></td>
 <td style=""width: 57.5699%;"">0.5 Bar - 5 Bar</td>
 </tr>
 <tr>
 <td style=""width: 36.4301%;""><strong>Water Tightness</strong></td>
 <td style=""width: 57.5699%;"">16 bar (Pass)</td>
 </tr>
 <tr>
 <td style=""width: 36.4301%;""><strong>Pressure Resistance</strong></td>
 <td style=""width: 57.5699%;"">25 bar (Pass)</td>
 </tr>
 <tr>
 <td style=""width: 36.4301%;""><strong>Aerator Size</strong></td>
 <td style=""width: 57.5699%;"">WRAS, ACS Approved (20X1)</td>
 </tr>
 <tr>
 <td style=""width: 36.4301%;""><strong>Available Colour Finishing</strong></td>
 <td style=""width: 57.5699%;"">Antique Bronze (ABR)<br>Antique Copper (ACR)<br>Black Chrome (BCH)<br>Black Matt (BLM)<br>Gold Dust (GDS)<br>Full Gold (GLD)<br>Graphite (GRF)<br>Stainless Steel Finish (SSF)<br>White Matt (WHM)</td>
 </tr>
 </tbody>
 </table> 
  </div>",https://www.bumhan.com.my/product_img/IM01822.jpeg
ONG061,Sanitary Wares,Taps,Towel Basin Mixer,,600,"<div bis_skin_checked=""1"">
  <table style=""width: 100%;"" border=""1"" cellspacing=""5"" cellpadding=""5"">
 <tbody>
 <tr style=""height: 13px;"">
 <td style=""width: 51.2625px; height: 13px;""><strong>Type</strong></td>
 <td style=""width: 102.737px; height: 13px;"">Raised Basin Mixer</td>
 </tr>
 <tr style=""height: 13px;"">
 <td style=""width: 51.2625px; height: 13px;""><strong>Material</strong></td>
 <td style=""width: 102.737px; height: 13px;"">Body - Brass<br>Handle - Zinc</td>
 </tr>
 <tr style=""height: 27px;"">
 <td style=""width: 51.2625px; height: 27px;""><strong>Finish</strong></td>
 <td style=""width: 102.737px; height: 27px;"">Black &amp; Rose Gold</td>
 </tr>
 <tr style=""height: 13px;"">
 <td style=""width: 154px; height: 13px;"" colspan=""2"">
 <ul>
 <li style=""text-align: justify;"">35mm ceramic cartridge.</li>
 <li style=""text-align: justify;"">M10-G1/2 stainless steel hose.</li>
 </ul>
 </td>
 </tr>
 </tbody>
 </table> 
  </div>",https://www.bumhan.com.my/product_img/IM01880.png
ONG062,Sanitary Wares,Taps,Two Way Tap with Holder,,700,"<div bis_skin_checked=""1"">
  <table style=""width: 100%;"" border=""1"" cellspacing=""5"" cellpadding=""5"">
 <tbody>
 <tr style=""height: 13px;"">
 <td style=""width: 51.2625px; height: 13px;""><strong>Type</strong></td>
 <td style=""width: 102.737px; height: 13px;"">Two Way Tap</td>
 </tr>
 <tr style=""height: 13px;"">
 <td style=""width: 51.2625px; height: 13px;""><strong>Material</strong></td>
 <td style=""width: 102.737px; height: 13px;"">Body - Brass<br>Handle - Zinc</td>
 </tr>
 <tr style=""height: 27px;"">
 <td style=""width: 51.2625px; height: 27px;""><strong>Finish</strong></td>
 <td style=""width: 102.737px; height: 27px;"">Black &amp; Rose Gold</td>
 </tr>
 <tr style=""height: 13px;"">
 <td style=""width: 154px; height: 13px;"" colspan=""2"">
 <ul>
 <li style=""text-align: justify;"">25mm ceramic cartridge.</li>
 </ul>
 </td>
 </tr>
 </tbody>
 </table> 
  </div>",https://www.bumhan.com.my/product_img/IM01883.png
ONG063,Sanitary Wares,Taps,Two Function Hand Bidet,,350,"<div bis_skin_checked=""1"">
  <table style=""width: 100%;"" border=""1"" cellspacing=""5"" cellpadding=""5"">
 <tbody>
 <tr style=""height: 13px;"">
 <td style=""width: 51.2625px; height: 13px;""><strong>Type</strong></td>
 <td style=""width: 102.737px; height: 13px;"">Two Function Hand Bidet</td>
 </tr>
 <tr style=""height: 27px;"">
 <td style=""width: 51.2625px; height: 27px;""><strong>Finish</strong></td>
 <td style=""width: 102.737px; height: 27px;"">Black &amp; Rose Gold</td>
 </tr>
 <tr style=""height: 13px;"">
 <td style=""width: 154px; height: 13px;"" colspan=""2"">
 <ul>
 <li style=""text-align: justify;"">With 1.2m stainless steel hose &amp; holder.</li>
 </ul>
 </td>
 </tr>
 </tbody>
 </table> 
  </div>",https://www.bumhan.com.my/product_img/IM01882.png
ONG064,Sanitary Wares,Heater,Horizontal Storage Water Heater (15L),"Features
 
 Multipoint Hot Water System for Mixer Tap System.
 For 1 Kitchen Sink Only.
 Capacity 15L; 3.3 Imp. Gallons.
 Power Rating 3.0kW; 240V.
 Hot Water Up to 70°C.
 Rust-Free Stainless Steel Heating Element & Tank.
 HE Energy Saving Technology; Save Energy 20% (Available for Model JH15HE only).
 High Density CFC Free Polyurethane Insulation Foam for Long Lasting Hot Water.
 
 
 
 Accessories 
 
 Universal Mounting Ring Bracket for Universal Mounting.
 Mounting Ring Bolts.",1200,"<div bis_skin_checked=""1"">
  <table style=""width: 100%;"" border=""1"" cellspacing=""5"" cellpadding=""5"">
 <tbody>
 <tr style=""height: 27px;"">
 <td style=""height: 27px;""><strong>Electrical Loading</strong></td>
 <td style=""height: 27px;"">3.0kW /&nbsp;15 Amp - 20 Amp / 240V / 50Hz</td>
 </tr>
 <tr style=""height: 27px;"">
 <td style=""height: 27px;""><strong>Tank Capacity</strong></td>
 <td style=""height: 27px;"">15 Litres / 3.3 Imp. Gallons</td>
 </tr>
 <tr style=""height: 27px;"">
 <td style=""height: 27px;""><strong>Time taken to Heat to Max 70°C</strong><br><strong>(Based on Spec 3.0kW)</strong></td>
 <td style=""height: 27px;"">15 Mins (1st Heat Up from Cold Water)<br>7.5 Mins (Subsequent Heat Up)</td>
 </tr>
 <tr style=""height: 13.2px;"">
 <td style=""height: 13.2px;""><strong>Recommended Water Pressure</strong></td>
 <td style=""height: 13.2px;"">1 - 5 Bar</td>
 </tr>
 <tr style=""height: 13px;"">
 <td style=""height: 13px;""><strong>Dimensions</strong></td>
 <td style=""height: 13px;"">(L) 392mm x (W) 405mm x (H) 381mm</td>
 </tr>
 <tr style=""height: 13px;"">
 <td style=""height: 13px;""><strong>Approx. Weight</strong></td>
 <td style=""height: 13px;"">Empty: 10kg<br>Full: 25kg</td>
 </tr>
 </tbody>
 </table> 
  </div>",https://www.bumhan.com.my/product_img/IM01608.jpg
ONG065,Sanitary Wares,Heater,Horizontal Storage Water Heater (25L),"Features
 
 Multipoint Hot Water System for Mixer Tap System.
 For 1 Kitchen Sink or 1 Normal Shower.
 Capacity 25L; 5.5 Imp. Gallons.
 Power Rating 3.0kW; 240V.
 Hot Water Up to 70°C.
 Rust-Free Stainless Steel Heating Element & Tank.
 HE Energy Saving Technology; Save Energy 20% (Available for Model JH25HE only).
 High Density CFC Free Polyurethane Insulation Foam for Long Lasting Hot Water.
 
 
 
 Accessories 
 
 Universal Mounting Ring Bracket for Universal Mounting.
 Mounting Ring Bolts.
 
 
 
 Safety
 
 Isolation Barrier.
 Pressure Relief & Drain Valve.
 Thermostat Safety Cut-Off at 70°C.
 Thermal Cut-Out at 95°C.",1200,"<div bis_skin_checked=""1"">
  <table style=""width: 100%;"" border=""1"" cellspacing=""5"" cellpadding=""5"">
 <tbody>
 <tr style=""height: 27px;"">
 <td style=""height: 27px;""><strong>Electrical Loading</strong></td>
 <td style=""height: 27px;"">3.0kW /&nbsp;15 Amp - 20 Amp / 240V / 50Hz</td>
 </tr>
 <tr style=""height: 27px;"">
 <td style=""height: 27px;""><strong>Tank Capacity</strong></td>
 <td style=""height: 27px;"">25 Litres / 5.5 Imp. Gallons</td>
 </tr>
 <tr style=""height: 27px;"">
 <td style=""height: 27px;""><strong>Time taken to Heat to Max 70°C</strong><br><strong>(Based on Spec 3.0kW)</strong></td>
 <td style=""height: 27px;"">20 Mins (1st Heat Up from Cold Water)<br>10 Mins (Subsequent Heat Up)</td>
 </tr>
 <tr style=""height: 13.2px;"">
 <td style=""height: 13.2px;""><strong>Recommended Water Pressure</strong></td>
 <td style=""height: 13.2px;"">1 - 5 Bar</td>
 </tr>
 <tr style=""height: 13px;"">
 <td style=""height: 13px;""><strong>Dimensions</strong></td>
 <td style=""height: 13px;"">(L) 522mm x (W) 405mm x (H) 381mm</td>
 </tr>
 <tr style=""height: 13px;"">
 <td style=""height: 13px;""><strong>Approx. Weight</strong></td>
 <td style=""height: 13px;"">Empty: 12kg<br>Full: 37kg</td>
 </tr>
 </tbody>
 </table> 
  </div>",https://www.bumhan.com.my/product_img/IM01609.jpg
ONG066,Sanitary Wares,Heater,Horizontal Storage Water Heater (35L),"Features
 
 Multipoint Hot Water System for Mixer Tap System.
 For 1 Normal Shower and 1 Wash Basin/1 Rain Shower 6"".
 Capacity 35L; 7.7 Imp. Gallons.
 Power Rating 3.0kW; 240V.
 Hot Water Up to 70°C.
 Rust-Free Stainless Steel Heating Element & Tank.
 HE Energy Saving Technology; Save Energy 20% (Available for Model JH35HE only).
 High Density CFC Free Polyurethane Insulation Foam for Long Lasting Hot Water.
 
 
 
 Accessories 
 
 Universal Mounting Ring Bracket for Universal Mounting.
 Mounting Ring Bolts.
 
 
 
 Safety
 
 Isolation Barrier.
 Pressure Relief & Drain Valve.
 Thermostat Safety Cut-Off at 70°C.
 Thermal Cut-Out at 95°C.",1200,"<div bis_skin_checked=""1"">
  <table style=""width: 100%;"" border=""1"" cellspacing=""5"" cellpadding=""5"">
 <tbody>
 <tr style=""height: 27px;"">
 <td style=""height: 27px;""><strong>Electrical Loading</strong></td>
 <td style=""height: 27px;"">3.0kW /&nbsp;15 Amp - 20 Amp / 240V / 50Hz</td>
 </tr>
 <tr style=""height: 27px;"">
 <td style=""height: 27px;""><strong>Tank Capacity</strong></td>
 <td style=""height: 27px;"">35 Litres / 7.7 Imp. Gallons</td>
 </tr>
 <tr style=""height: 27px;"">
 <td style=""height: 27px;""><strong>Time taken to Heat to Max 70°C</strong><br><strong>(Based on Spec 3.0kW)</strong></td>
 <td style=""height: 27px;"">30 Mins (1st Heat Up from Cold Water)<br>15 Mins (Subsequent Heat Up)</td>
 </tr>
 <tr style=""height: 13.2px;"">
 <td style=""height: 13.2px;""><strong>Recommended Water Pressure</strong></td>
 <td style=""height: 13.2px;"">1 - 5 Bar</td>
 </tr>
 <tr style=""height: 13px;"">
 <td style=""height: 13px;""><strong>Dimensions</strong></td>
 <td style=""height: 13px;"">(L) 641mm x (W) 405mm x (H) 381mm</td>
 </tr>
 <tr style=""height: 13px;"">
 <td style=""height: 13px;""><strong>Approx. Weight</strong></td>
 <td style=""height: 13px;"">Empty: 14kg<br>Full: 49kg</td>
 </tr>
 </tbody>
 </table> 
  </div>",https://www.bumhan.com.my/product_img/IM01610.jpg
ONG067,Sanitary Wares,Heater,Horizontal Storage Water Heater (50L),"Features
 
 Multipoint Hot Water System for Mixer Tap System.
 For 2 Normal Shower/1 Rain Shower 8”/1 Rain Shower 6” or 1 Wash Basin.
 Capacity 50L; 11.0 Imp. Gallons.
 Power Rating 3.0kW; 240V.
 Hot Water Up to 70°C.
 Rust-Free Stainless Steel Heating Element & Tank.
 HE Energy Saving Technology; Save Energy 20% (Available for Model JH50HE only).
 High Density CFC Free Polyurethane Insulation Foam for Long Lasting Hot Water.
 
 
 
 Accessories 
 
 Universal Mounting Ring Bracket for Universal Mounting.
 Mounting Ring Bolts.
 
 
 
 Safety
 
 Isolation Barrier.
 Pressure Relief & Drain Valve.
 Thermostat Safety Cut-Off at 70°C.
 Thermal Cut-Out at 95°C.",500,"<div bis_skin_checked=""1"">
  <table style=""width: 100%;"" border=""1"" cellspacing=""5"" cellpadding=""5"">
 <tbody>
 <tr style=""height: 27px;"">
 <td style=""height: 27px;""><strong>Electrical Loading</strong></td>
 <td style=""height: 27px;"">1.5kW - 3.0kW /&nbsp;13 Amp - 20 Amp</td>
 </tr>
 <tr style=""height: 27px;"">
 <td style=""height: 27px;""><strong>Tank Capacity</strong></td>
 <td style=""height: 27px;"">50 Litres / 11.0 Imp. Gallons</td>
 </tr>
 <tr style=""height: 27px;"">
 <td style=""height: 27px;""><strong>Time taken to Heat to Max 70°C</strong><br><strong>(Based on Spec 3.0kW)</strong></td>
 <td style=""height: 27px;"">45 Mins (1st Heat Up from Cold Water)<br>22.5 Mins (Subsequent Heat Up)</td>
 </tr>
 <tr style=""height: 13.2px;"">
 <td style=""height: 13.2px;""><strong>Recommended Water Pressure</strong></td>
 <td style=""height: 13.2px;"">1 - 5 Bar</td>
 </tr>
 <tr style=""height: 13px;"">
 <td style=""height: 13px;""><strong>Dimensions</strong></td>
 <td style=""height: 13px;"">(L) 745mm x (W) 381mm x (H) 405mm</td>
 </tr>
 <tr style=""height: 13px;"">
 <td style=""height: 13px;""><strong>Approx. Weight</strong></td>
 <td style=""height: 13px;"">Empty: 17kg<br>Full: 67kg</td>
 </tr>
 </tbody>
 </table> 
  </div>",https://www.bumhan.com.my/product_img/IM01611.jpg
ONG068,Sanitary Wares,Heater,Horizontal Storage Water Heater (68L),"Features
 
 Multipoint Hot Water System for Mixer Tap System.
 For 1 Long Bath or 3 Normal Shower/1 Rain Shower 10” or 2 Rain Shower 6”.
 Capacity 68L; 15.0 Imp. Gallons.
 Power Rating 3.0kW; 240V.
 Hot Water Up to 70°C.
 Rust-Free Stainless Steel Heating Element & Tank.
 HE Energy Saving Technology; Save Energy 20% (Available for Model JH68HE only).
 High Density CFC Free Polyurethane Insulation Foam for Long Lasting Hot Water.
 
 
 
 Accessories 
 
 Universal Mounting Ring Bracket for Universal Mounting.
 Mounting Ring Bolts.
 
 
 
 Safety
 
 Isolation Barrier.
 Pressure Relief & Drain Valve.
 Thermostat Safety Cut-Off at 70°C.
 Thermal Cut-Out at 95°C.",500,"<div bis_skin_checked=""1"">
  <table style=""width: 100%;"" border=""1"" cellspacing=""5"" cellpadding=""5"">
 <tbody>
 <tr style=""height: 27px;"">
 <td style=""height: 27px;""><strong>Electrical Loading</strong></td>
 <td style=""height: 27px;"">1.5kW - 3.0kW /&nbsp;13 Amp - 20 Amp</td>
 </tr>
 <tr style=""height: 27px;"">
 <td style=""height: 27px;""><strong>Tank Capacity</strong></td>
 <td style=""height: 27px;"">68 Litres / 15.0 Imp. Gallons</td>
 </tr>
 <tr style=""height: 27px;"">
 <td style=""height: 27px;""><strong>Time taken to Heat to Max 70°C</strong><br><strong>(Based on Spec 3.0kW)</strong></td>
 <td style=""height: 27px;"">60 Mins (1st Heat Up from Cold Water)<br>30 Mins (Subsequent Heat Up)</td>
 </tr>
 <tr style=""height: 13.2px;"">
 <td style=""height: 13.2px;""><strong>Recommended Water Pressure</strong></td>
 <td style=""height: 13.2px;"">1 - 5 Bar</td>
 </tr>
 <tr style=""height: 13px;"">
 <td style=""height: 13px;""><strong>Dimensions</strong></td>
 <td style=""height: 13px;"">(L) 955mm x (W) 381mm x (H) 405mm</td>
 </tr>
 <tr style=""height: 13px;"">
 <td style=""height: 13px;""><strong>Approx. Weight</strong></td>
 <td style=""height: 13px;"">Empty: 20kg<br>Full: 88kg</td>
 </tr>
 </tbody>
 </table> 
  </div>",https://www.bumhan.com.my/product_img/IM01612.jpg
ONG069,Sanitary Wares,Heater,Horizontal Storage Water Heater (91L),"Features
 
 Multipoint Hot Water System for Mixer Tap System.
 For 1 Jacuzzi or 1 Washing Machine, 1 Long Bath and 1 Normal Shower/1 Rain Shower 10” and 1 Rain Shower 6”/1 Rain Shower 12”.
 Capacity 91L; 20.0 Imp. Gallons.
 Power Rating 3.0kW; 240V.
 Hot Water Up to 70°C.
 Rust-Free Stainless Steel Heating Element & Tank.
 HE Energy Saving Technology; Save Energy 20% (Available for Model JH91HE only).
 High Density CFC Free Polyurethane Insulation Foam for Long Lasting Hot Water.
 
 
 
 Accessories 
 
 Universal Mounting Ring Bracket for Universal Mounting.
 Mounting Ring Bolts.
 
 
 
 Safety
 
 Isolation Barrier.
 Pressure Relief & Drain Valve.
 Thermostat Safety Cut-Off at 70°C.
 Thermal Cut-Out at 95°C.",450,"<div bis_skin_checked=""1"">
  <table style=""width: 100%;"" border=""1"" cellspacing=""5"" cellpadding=""5"">
 <tbody>
 <tr style=""height: 27px;"">
 <td style=""height: 27px;""><strong>Electrical Loading</strong></td>
 <td style=""height: 27px;"">3.0kW /&nbsp;15 Amp - 20 Amp / 240V / 50Hz</td>
 </tr>
 <tr style=""height: 27px;"">
 <td style=""height: 27px;""><strong>Tank Capacity</strong></td>
 <td style=""height: 27px;"">91 Litres / 20.0 Imp. Gallons</td>
 </tr>
 <tr style=""height: 27px;"">
 <td style=""height: 27px;""><strong>Time taken to Heat to Max 70°C</strong><br><strong>(Based on Spec 3.0kW)</strong></td>
 <td style=""height: 27px;"">80 Mins (1st Heat Up from Cold Water)<br>40 Mins (Subsequent Heat Up)</td>
 </tr>
 <tr style=""height: 13.2px;"">
 <td style=""height: 13.2px;""><strong>Recommended Water Pressure</strong></td>
 <td style=""height: 13.2px;"">1 - 5 Bar</td>
 </tr>
 <tr style=""height: 13px;"">
 <td style=""height: 13px;""><strong>Dimensions</strong></td>
 <td style=""height: 13px;"">(L) 1286mm x (W) 405mm x (H) 381mm</td>
 </tr>
 <tr style=""height: 13px;"">
 <td style=""height: 13px;""><strong>Approx. Weight</strong></td>
 <td style=""height: 13px;"">Empty: 25kg<br>Full: 116kg</td>
 </tr>
 </tbody>
 </table> 
  </div>",https://www.bumhan.com.my/product_img/IM01613.jpg
ONG070,Sanitary Wares,Heater,Vertical Storage Water Heater (25L),"Features
 
 Multipoint Hot Water System for Mixer Tap System.
 For 1 Shower only.
 Capacity 25L; 5.5 Imp. Gallons.
 Power Rating 3.0kW; 240V.
 Hot Water Up to 70°C.
 Temperature Display & Control Between Low, Med and High.
 Rust-Free Stainless Steel Heating Element & Tank.
 Highest Density CFC Free Polyurethane Insulation Foam for Long Lasting Hot Water.
 
 
 
 Accessories 
 
 Wall Bracket For Mounting.
 Mounting Ring Bolts.
 
 
 
 Safety
 
 Isolation Barrier.
 Pressure Relief & Drain Valve.
 Thermostat Safety Cut-Off at 70°C.
 Thermal Cut-Out at 95°C.",450,"<div bis_skin_checked=""1"">
  <table style=""width: 100%;"" border=""1"" cellspacing=""5"" cellpadding=""5"">
 <tbody>
 <tr style=""height: 27px;"">
 <td style=""height: 27px;""><strong>Electrical Loading</strong></td>
 <td style=""height: 27px;"">1.5kW - 3.0kW /&nbsp;13 Amp - 20 Amp</td>
 </tr>
 <tr style=""height: 27px;"">
 <td style=""height: 27px;""><strong>Tank Capacity</strong></td>
 <td style=""height: 27px;"">25 Litres /&nbsp;5.5 Imp. Gallons</td>
 </tr>
 <tr style=""height: 27px;"">
 <td style=""height: 27px;""><strong>Time taken to Heat to Max 70°C</strong><br><strong>(Based on Spec 3.0kW)</strong></td>
 <td style=""height: 27px;"">20 Mins (1st Heat Up from Cold Water)<br>10 Mins (Subsequent Heat Up)</td>
 </tr>
 <tr style=""height: 13.2px;"">
 <td style=""height: 13.2px;""><strong>Recommended Water Pressure</strong></td>
 <td style=""height: 13.2px;"">1 - 5 Bar</td>
 </tr>
 <tr style=""height: 13px;"">
 <td style=""height: 13px;""><strong>Dimensions</strong></td>
 <td style=""height: 13px;"">(H) 457mm x (W) 393mm</td>
 </tr>
 <tr style=""height: 13px;"">
 <td style=""height: 13px;""><strong>Approx. Weight</strong></td>
 <td style=""height: 13px;"">Empty: 12kg<br>Full: 37kg</td>
 </tr>
 </tbody>
 </table> 
  </div>",https://www.bumhan.com.my/product_img/IM01605.jpg
ONG071,Sanitary Wares,Heater,Vertical Storage Water Heater (35L),"Features
 
 
 Multipoint Hot Water System for Mixer Tap System.
 For 1 Normal Shower or 1 Rainshower 6”.
 Capacity 35L; 7.7 Imp. Gallons.
 Power Rating 3.0kW; 240V.
 Hot Water Up to 70°C.
 Temperature Display & Control Between Low, Med and High.
 Rust-Free Stainless Steel Heating Element & Tank.
 Highest Density CFC Free Polyurethane Insulation Foam for Long Lasting Hot Water.
 
 
 
 Accessories 
 
 Wall Bracket For Mounting.
 Mounting Ring Bolts.
 
 
 
 Safety
 
 Isolation Barrier.
 Pressure Relief & Drain Valve.
 Thermostat Safety Cut-Off at 70°C.
 Thermal Cut-Out at 95°C.",450,"<div bis_skin_checked=""1"">
  <table style=""width: 100%;"" border=""1"" cellspacing=""5"" cellpadding=""5"">
 <tbody>
 <tr style=""height: 27px;"">
 <td style=""height: 27px;""><strong>Electrical Loading</strong></td>
 <td style=""height: 27px;"">1.5kW - 3.0kW /&nbsp;13 Amp - 20 Amp</td>
 </tr>
 <tr style=""height: 27px;"">
 <td style=""height: 27px;""><strong>Tank Capacity</strong></td>
 <td style=""height: 27px;"">35 Litres / 7.7 Imp. Gallons</td>
 </tr>
 <tr style=""height: 27px;"">
 <td style=""height: 27px;""><strong>Time taken to Heat to Max 70°C</strong><br><strong>(Based on Spec 3.0kW)</strong></td>
 <td style=""height: 27px;"">30 Mins (1st Heat Up from Cold Water)<br>15 Mins (Subsequent Heat Up)</td>
 </tr>
 <tr style=""height: 13.2px;"">
 <td style=""height: 13.2px;""><strong>Recommended Water Pressure</strong></td>
 <td style=""height: 13.2px;"">1 - 5 Bar</td>
 </tr>
 <tr style=""height: 13px;"">
 <td style=""height: 13px;""><strong>Dimensions</strong></td>
 <td style=""height: 13px;"">(H) 576mm x (W) 393mm</td>
 </tr>
 <tr style=""height: 13px;"">
 <td style=""height: 13px;""><strong>Approx. Weight</strong></td>
 <td style=""height: 13px;"">Empty: 14kg<br>Full: 49kg</td>
 </tr>
 </tbody>
 </table> 
  </div>",https://www.bumhan.com.my/product_img/IM01606.jpg
ONG072,Sanitary Wares,Heater,Vertical Storage Water Heater (50L),"Features
 
 Multipoint Hot Water System for Mixer Tap System.
 For 2 Normal Shower or 1 Rainshower 8”.
 Capacity 50L; 11.0 Imp. Gallons.
 Power Rating 3.0kW; 240V.
 Hot Water Up to 70°C.
 Temperature Display & Control Between Low, Med and High.
 Rust-Free Stainless Steel Heating Element & Tank.
 
 
 
 Accessories 
 
 Wall Bracket For Mounting.
 Mounting Ring",450,"<div bis_skin_checked=""1"">
  <table style=""width: 100%;"" border=""1"" cellspacing=""5"" cellpadding=""5"">
 <tbody>
 <tr style=""height: 27px;"">
 <td style=""height: 27px;""><strong>Electrical Loading</strong></td>
 <td style=""height: 27px;"">1.5kW - 3.0kW /&nbsp;13 Amp - 20 Amp</td>
 </tr>
 <tr style=""height: 27px;"">
 <td style=""height: 27px;""><strong>Tank Capacity</strong></td>
 <td style=""height: 27px;"">50 Litres / 11.0 Imp. Gallons</td>
 </tr>
 <tr style=""height: 27px;"">
 <td style=""height: 27px;""><strong>Time taken to Heat to Max 70°C</strong><br><strong>(Based on Spec 3.0kW)</strong></td>
 <td style=""height: 27px;"">45 Mins (1st Heat Up from Cold Water)<br>22.5 Mins (Subsequent Heat Up)</td>
 </tr>
 <tr style=""height: 13.2px;"">
 <td style=""height: 13.2px;""><strong>Recommended Water Pressure</strong></td>
 <td style=""height: 13.2px;"">1 - 5 Bar</td>
 </tr>
 <tr style=""height: 13px;"">
 <td style=""height: 13px;""><strong>Dimensions</strong></td>
 <td style=""height: 13px;"">(H) 745mm x (W) 393mm</td>
 </tr>
 <tr style=""height: 13px;"">
 <td style=""height: 13px;""><strong>Approx. Weight</strong></td>
 <td style=""height: 13px;"">Empty: 17kg<br>Full: 67kg</td>
 </tr>
 </tbody>
 </table> 
  </div>",https://www.bumhan.com.my/product_img/IM01607.jpg
ONG073,Kitchen,Stainless Steel Sink,Under-mount Single Bowl Kitchen Sink,,600,"<div bis_skin_checked=""1"">
  <table style=""width: 100%;"" border=""1"" cellspacing=""5"" cellpadding=""5"">
 <tbody>
 <tr style=""height: 13px;"">
 <td style=""height: 13px; width: 43.3449%;""><strong>Thickness</strong></td>
 <td style=""height: 13px; width: 51.6551%;"">1.2mm</td>
 </tr>
 <tr style=""height: 13px;"">
 <td style=""height: 13px; width: 43.3449%;""><strong>Overall Size</strong></td>
 <td style=""height: 13px; width: 51.6551%;"">L450 x W450 x D220mm</td>
 </tr>
 <tr style=""height: 13px;"">
 <td style=""height: 13px; width: 43.3449%;""><strong>Bowl Size</strong></td>
 <td style=""height: 13px; width: 51.6551%;"">L400 x W400 x D220mm</td>
 </tr>
 <tr style=""height: 13px;"">
 <td style=""height: 13px; width: 43.3449%;""><strong>Material</strong></td>
 <td style=""height: 13px; width: 51.6551%;"">SUS 304 Stainless Steel</td>
 </tr>
 </tbody>
 </table> 
  </div>",https://www.bumhan.com.my/product_img/IM01866.png
ONG074,Kitchen,Stainless Steel Sink,Under-mount Single Bowl Kitchen Sink,,699,"<div bis_skin_checked=""1"">
  <table style=""width: 100%;"" border=""1"" cellspacing=""5"" cellpadding=""5"">
 <tbody>
 <tr>
 <td style=""width: 44.4533%;""><strong>Thickness</strong></td>
 <td style=""width: 51.516%;"">1.2mm</td>
 </tr>
 <tr>
 <td style=""width: 44.4533%;""><strong>Overall Size</strong></td>
 <td style=""width: 51.516%;"">L510 x W450 x D220mm</td>
 </tr>
 <tr>
 <td style=""width: 44.4533%;""><strong>Bowl Size</strong></td>
 <td style=""width: 51.516%;"">L460 x W400 x D220mm</td>
 </tr>
 <tr>
 <td style=""width: 44.4533%;""><strong>Material</strong></td>
 <td style=""width: 51.516%;"">SUS 304 Stainless Steel</td>
 </tr>
 </tbody>
 </table> 
  </div>",https://www.bumhan.com.my/product_img/IM01800.png
ONG075,Kitchen,Stainless Steel Sink,Under-mount Single Bowl Kitchen Sink,,600,"<div bis_skin_checked=""1"">
  <table style=""width: 100%;"" border=""1"" cellspacing=""5"" cellpadding=""5"">
 <tbody>
 <tr>
 <td style=""width: 43.8145%;""><strong>Thickness</strong></td>
 <td style=""width: 52.1548%;"">1mm</td>
 </tr>
 <tr>
 <td style=""width: 43.8145%;""><strong>Overall Size</strong></td>
 <td style=""width: 52.1548%;"">L586 x W446 x D229mm</td>
 </tr>
 <tr>
 <td style=""width: 43.8145%;""><strong>Bowl Size</strong></td>
 <td style=""width: 52.1548%;"">L546 x W406 x D229mm</td>
 </tr>
 <tr>
 <td style=""width: 43.8145%;""><strong>Material</strong></td>
 <td style=""width: 52.1548%;"">SUS 304 Stainless Steel</td>
 </tr>
 </tbody>
 </table> 
  </div>",https://www.bumhan.com.my/product_img/IM01871.png
ONG076,Kitchen,Stainless Steel Sink,Under-mount Single Bowl Kitchen Sink,,699,"<div bis_skin_checked=""1"">
  <table style=""width: 100%;"" border=""1"" cellspacing=""5"" cellpadding=""5"">
 <tbody>
 <tr style=""height: 13px;"">
 <td style=""height: 13px; width: 43.6855%;""><strong>Thickness</strong></td>
 <td style=""height: 13px; width: 52.2838%;"">1.2mm</td>
 </tr>
 <tr style=""height: 13px;"">
 <td style=""height: 13px; width: 43.6855%;""><strong>Overall Size</strong></td>
 <td style=""height: 13px; width: 52.2838%;"">L650 x W450 x D220mm</td>
 </tr>
 <tr style=""height: 13px;"">
 <td style=""height: 13px; width: 43.6855%;""><strong>Bowl Size</strong></td>
 <td style=""height: 13px; width: 52.2838%;"">L600 x W400 x D220mm</td>
 </tr>
 <tr style=""height: 13px;"">
 <td style=""height: 13px; width: 43.6855%;""><strong>Material</strong></td>
 <td style=""height: 13px; width: 52.2838%;"">SUS 304 Stainless Steel</td>
 </tr>
 </tbody>
 </table> 
  </div>",https://www.bumhan.com.my/product_img/IM01867.png
ONG077,Kitchen,Stainless Steel Sink,Under-mount Single Bowl Kitchen Sink,,699,"<div bis_skin_checked=""1"">
  <table style=""width: 100%;"" border=""1"" cellspacing=""5"" cellpadding=""5"">
 <tbody>
 <tr style=""height: 13px;"">
 <td style=""height: 13px; width: 43.7185%;""><strong>Thickness</strong></td>
 <td style=""height: 13px; width: 52.2508%;"">1.2mm</td>
 </tr>
 <tr style=""height: 13px;"">
 <td style=""height: 13px; width: 43.7185%;""><strong>Overall Size</strong></td>
 <td style=""height: 13px; width: 52.2508%;"">L760 x W450 x D220mm</td>
 </tr>
 <tr style=""height: 13px;"">
 <td style=""height: 13px; width: 43.7185%;""><strong>Bowl Size</strong></td>
 <td style=""height: 13px; width: 52.2508%;"">L710 x W400 x D220mm</td>
 </tr>
 <tr style=""height: 13px;"">
 <td style=""height: 13px; width: 43.7185%;""><strong>Material</strong></td>
 <td style=""height: 13px; width: 52.2508%;"">SUS 304 Stainless Steel</td>
 </tr>
 </tbody>
 </table> 
  </div>",https://www.bumhan.com.my/product_img/IM01868.png
ONG078,Kitchen,Stainless Steel Sink,Under-mount Double Bowl Kitchen Sink,,600,"<div bis_skin_checked=""1"">
  <table style=""width: 100%;"" border=""1"" cellspacing=""5"" cellpadding=""5"">
 <tbody>
 <tr style=""height: 13px;"">
 <td style=""height: 13px; width: 43.9734%;""><strong>Thickness</strong></td>
 <td style=""height: 13px; width: 51.9959%;"">1mm</td>
 </tr>
 <tr style=""height: 13px;"">
 <td style=""height: 13px; width: 43.9734%;""><strong>Overall Size</strong></td>
 <td style=""height: 13px; width: 51.9959%;"">L900 x W450 x D229mm</td>
 </tr>
 <tr style=""height: 13px;"">
 <td style=""height: 13px; width: 43.9734%;""><strong>Bowl Size</strong></td>
 <td style=""height: 13px; width: 51.9959%;"">L498 x W410 x D229mm</td>
 </tr>
 <tr style=""height: 13px;"">
 <td style=""height: 13px; width: 43.9734%;""><strong>Bowl Size</strong></td>
 <td style=""height: 13px; width: 51.9959%;"">L332 x W410 x D229mm</td>
 </tr>
 <tr style=""height: 13px;"">
 <td style=""height: 13px; width: 43.9734%;""><strong>Material</strong></td>
 <td style=""height: 13px; width: 51.9959%;"">SUS 304 Stainless Steel</td>
 </tr>
 </tbody>
 </table> 
  </div>",https://www.bumhan.com.my/product_img/IM01869.png
ONG079,Kitchen,Stainless Steel Sink,Under-mount Double Bowl Kitchen Sink,,900,"<div bis_skin_checked=""1"">
  <table style=""width: 100%;"" border=""1"" cellspacing=""5"" cellpadding=""5"">
 <tbody>
 <tr style=""height: 13px;"">
 <td style=""height: 13px; width: 44.8372%;""><strong>Thickness</strong></td>
 <td style=""height: 13px; width: 51.1321%;"">1mm</td>
 </tr>
 <tr style=""height: 13px;"">
 <td style=""height: 13px; width: 44.8372%;""><strong>Overall Size</strong></td>
 <td style=""height: 13px; width: 51.1321%;"">L900 x W450 x D229mm</td>
 </tr>
 <tr style=""height: 13px;"">
 <td style=""height: 13px; width: 44.8372%;""><strong>Bowl Size</strong></td>
 <td style=""height: 13px; width: 51.1321%;"">L415 x W410 x D229mm</td>
 </tr>
 <tr style=""height: 13px;"">
 <td style=""height: 13px; width: 44.8372%;""><strong>Bowl Size</strong></td>
 <td style=""height: 13px; width: 51.1321%;"">L415 x W410 x D229mm</td>
 </tr>
 <tr style=""height: 13px;"">
 <td style=""height: 13px; width: 44.8372%;""><strong>Material</strong></td>
 <td style=""height: 13px; width: 51.1321%;"">SUS 304 Stainless Steel</td>
 </tr>
 </tbody>
 </table> 
  </div>",https://www.bumhan.com.my/product_img/IM01870.png
ONG080,Kitchen,Stainless Steel Sink,1½ Bowl Kitchen Sink,,900,"<div bis_skin_checked=""1"">
  <table style=""width: 100%;"" border=""1"" cellspacing=""5"" cellpadding=""5"">
 <tbody>
 <tr>
 <td style=""width: 44.4863%;""><strong>Thickness</strong></td>
 <td style=""width: 51.483%;"">0.9mm</td>
 </tr>
 <tr>
 <td style=""width: 44.4863%;""><strong>Overall Size</strong></td>
 <td style=""width: 51.483%;"">L650 x W500 x D200mm</td>
 </tr>
 <tr>
 <td style=""width: 44.4863%;""><strong>Bowl Size</strong></td>
 <td style=""width: 51.483%;"">L373 x W415 x D200mm</td>
 </tr>
 <tr>
 <td style=""width: 44.4863%;""><strong>Bowl Size</strong></td>
 <td style=""width: 51.483%;"">L160 x W300mm</td>
 </tr>
 <tr>
 <td style=""width: 44.4863%;""><strong>Material</strong></td>
 <td style=""width: 51.483%;"">SUS 304 Stainless Steel</td>
 </tr>
 </tbody>
 </table> 
  </div>",https://www.bumhan.com.my/product_img/IM01872.png
ONG081,Kitchen,Stainless Steel Sink,Stainless Steel Triple Bowl Kitchen Sink,"Under Mount Sink.
 Handmade.
 Stainless Steel SUS 304.
 Anti Rust.
 Triple Bowl.",900,"<div bis_skin_checked=""1"">
  <table style=""width: 100%;"" border=""1"" cellspacing=""5"" cellpadding=""5"">
 <tbody>
 <tr>
 <td style=""width: 44.4863%;""><strong>Material</strong></td>
 <td style=""width: 51.483%;"">Stainless Steel SUS 304</td>
 </tr>
 <tr>
 <td style=""width: 44.4863%;""><strong>Thickness</strong></td>
 <td style=""width: 51.483%;"">1.22mm</td>
 </tr>
 <tr>
 <td style=""width: 44.4863%;""><strong>Size</strong></td>
 <td style=""width: 51.483%;"">(L) 1150mm<br>(W) 450mm<br>(D) 230mm</td>
 </tr>
 <tr>
 <td style=""width: 44.4863%;""><strong>Radius</strong></td>
 <td style=""width: 51.483%;"">10</td>
 </tr>
 <tr>
 <td style=""width: 44.4863%;""><strong>Colour</strong></td>
 <td style=""width: 51.483%;"">Satin Finishing</td>
 </tr>
 </tbody>
 </table> 
  </div>",https://www.bumhan.com.my/product_img/IM01959.png
ONG082,Sanitary Wares,Mirror,Smart Mirror,"Smart Touch On/Off.
 External LED.
 Memory Function.
 Buffer.
 Energy Saving/Shining.
 5mm Copper Free Mirror.",850,,https://www.bumhan.com.my/product_img/IM01899.png
ONG083,Sanitary Wares,Mirror,Smart Mirror,"Smart Touch On/Off.
 Defogging.
 Time Display.
 Temperature.
 Bluetooth Audio.
 Energy Saving/Shining.
 5mm Copper Free Mirror.",450,,https://www.bumhan.com.my/product_img/IM01898.png
ONG084,Sanitary Wares,Mirror,Stainless Steel Wall-mounted Rectangle Bathroom Mirror Cabinet,"Mirrored bathroom cabinets are made especially for bathrooms.
 5mm thickness mirror.
 High quality fully SUS304 Stainless Steel.
 Multiple compartments cabinet provide extra storage space, hidden behind mirror.
 Easy to clean.
 Smooth bevelled edges for added safety and style.",450,"<div bis_skin_checked=""1"">
  <table style=""width: 100%;"" border=""1"" cellspacing=""5"" cellpadding=""5"">
 <tbody>
 <tr>
 <td style=""width: 43.828%;""><strong>Material</strong></td>
 <td style=""width: 52.1413%;"">SUS 304 Stainless Steel</td>
 </tr>
 <tr>
 <td style=""width: 43.828%;""><strong>Finishing</strong></td>
 <td style=""width: 52.1413%;"">Chromed</td>
 </tr>
 <tr>
 <td style=""width: 43.828%;""><strong>Dimension</strong></td>
 <td style=""width: 52.1413%;"">35cm (L) x 13cm (W) x 50cm (H)</td>
 </tr>
 <tr>
 <td style=""width: 43.828%;""><strong>Weight</strong></td>
 <td style=""width: 52.1413%;"">4.1kg</td>
 </tr>
 </tbody>
 </table> 
  </div>",https://www.bumhan.com.my/product_img/IM01876.png
ONG085,Sanitary Wares,Mirror,Stainless Steel Wall-mounted Rectangle Bathroom Mirror Cabinet,"Mirrored bathroom cabinets are made especially for bathrooms.
 5mm thickness mirror.
 High quality fully SUS304 Stainless Steel.
 Multiple compartments cabinet provide extra storage space, hidden behind mirror.
 Easy to clean.
 Smooth bevelled edges for added safety and style.",400,"<div bis_skin_checked=""1"">
  <table style=""width: 100%;"" border=""1"" cellspacing=""5"" cellpadding=""5"">
 <tbody>
 <tr>
 <td style=""width: 44.7142%;""><strong>Material</strong></td>
 <td style=""width: 51.2551%;"">SUS 304 Stainless Steel</td>
 </tr>
 <tr>
 <td style=""width: 44.7142%;""><strong>Finishing</strong></td>
 <td style=""width: 51.2551%;"">Chrome</td>
 </tr>
 <tr>
 <td style=""width: 44.7142%;""><strong>Dimension</strong></td>
 <td style=""width: 51.2551%;"">40cm (L) x 13cm (W) x 60cm (H)</td>
 </tr>
 <tr>
 <td style=""width: 44.7142%;""><strong>Weight</strong></td>
 <td style=""width: 51.2551%;"">5.8kg</td>
 </tr>
 </tbody>
 </table> 
  </div>",https://www.bumhan.com.my/product_img/IM01877.png
ONG086,Sanitary Wares,Mirror,Bathroom Mirror Cabinet,"Stainless Steel Bathroom Cabinet transforms your bathroom to a highly functional space, where you can dress up, shave or apply make-up.
 It serves as the ideal solution for storing small day to day utility items like soaps, toothbrushes, mouthwash, dental floss, shaving creams and lotions.
 This attractive design is available in a variety of sizes to fit your space.",400,"<div bis_skin_checked=""1"">
  <table style=""width: 100%;"" border=""1"" cellspacing=""5"" cellpadding=""5"">
 <tbody>
 <tr>
 <td><strong>Dimensions</strong></td>
 <td>600 x 700mm</td>
 </tr>
 <tr>
 <td><strong>Material</strong></td>
 <td>Stainless Steel</td>
 </tr>
 </tbody>
 </table> 
  </div>",https://www.bumhan.com.my/product_img/IM01782.png
ONG087,Sanitary Wares,Mirror,Sliding Mirror Cabinet,,400,"<div bis_skin_checked=""1"">
  <table style=""width: 100%;"" border=""1"" cellspacing=""5"" cellpadding=""5"">
 <tbody>
 <tr>
 <td style=""width: 43.612%;""><strong>Type</strong></td>
 <td style=""width: 52.3572%;"">Sliding Mirror Cabinet</td>
 </tr>
 <tr>
 <td style=""width: 43.612%;""><strong>Size</strong></td>
 <td style=""width: 52.3572%;"">460 (W) x 130 (D) x 560 (H) mm</td>
 </tr>
 <tr>
 <td style=""width: 43.612%;""><strong>Material</strong></td>
 <td style=""width: 52.3572%;"">Stainless Steel</td>
 </tr>
 <tr>
 <td style=""width: 43.612%;""><strong>Finishing</strong></td>
 <td style=""width: 52.3572%;"">Polish</td>
 </tr>
 </tbody>
 </table> 
  </div>",https://www.bumhan.com.my/product_img/IM01807.png
ONG088,Sanitary Wares,Mirror,8'' Magnifying Mirror,,320,"<div bis_skin_checked=""1"">
  <table style=""width: 100%;"" border=""1"" cellspacing=""5"" cellpadding=""5"">
 <tbody>
 <tr>
 <td><strong>Colour</strong></td>
 <td>Chrome</td>
 </tr>
 <tr>
 <td><strong>Dimensions</strong></td>
 <td>250 (W) x 29 (D) x 307 (H) mm</td>
 </tr>
 </tbody>
 </table> 
  </div>",https://www.bumhan.com.my/product_img/IM01874.png
ONG089,Sanitary Wares,Mirror,Free Standing Magnifying Mirror,,200,"<div bis_skin_checked=""1"">
  <table style=""width: 100%;"" border=""1"" cellspacing=""5"" cellpadding=""5"">
 <tbody>
 <tr>
 <td><strong>Colour</strong></td>
 <td>Chrome or Nickel</td>
 </tr>
 <tr>
 <td><strong>Dimensions</strong></td>
 <td>230 (W) x 140 (D) x 407 (H) mm</td>
 </tr>
 </tbody>
 </table> 
  </div>",https://www.bumhan.com.my/product_img/IM01873.png
ONG090,Kitchen,Taps,Kitchen Sink Mixer with Flexible Spout,,250,"<div bis_skin_checked=""1"">
  <table style=""width: 100%;"" border=""1"" cellspacing=""5"" cellpadding=""5"">
 <tbody>
 <tr style=""height: 13px;"">
 <td style=""width: 42.2538%; height: 13px;""><strong>Type</strong></td>
 <td style=""width: 50.7462%; height: 13px;"">Kitchen Sink Mixer</td>
 </tr>
 <tr style=""height: 13px;"">
 <td style=""width: 42.2538%; height: 13px;""><strong>Material</strong></td>
 <td style=""width: 50.7462%; height: 13px;"">SUS 304 Stainless Steel</td>
 </tr>
 </tbody>
 </table> 
  </div>",https://www.bumhan.com.my/product_img/IM01796.png
ONG091,Kitchen,Taps,Kitchen Sink Mixer with Flexible Spout,,300,"<div bis_skin_checked=""1"">
  <table style=""width: 100%;"" border=""1"" cellspacing=""5"" cellpadding=""5"">
 <tbody>
 <tr style=""height: 13px;"">
 <td style=""width: 42.2538%; height: 13px;""><strong>Type</strong></td>
 <td style=""width: 50.7462%; height: 13px;"">Kitchen Sink Mixer</td>
 </tr>
 <tr style=""height: 13px;"">
 <td style=""width: 42.2538%; height: 13px;""><strong>Material</strong></td>
 <td style=""width: 50.7462%; height: 13px;"">Brass Chrome with 35mm cartridge</td>
 </tr>
 </tbody>
 </table> 
  </div>",https://www.bumhan.com.my/product_img/IM01798.png
ONG092,Kitchen,Taps,Kitchen Sink Mixer with Pull-out Spray,,300,"<div bis_skin_checked=""1"">
  <table style=""width: 100%;"" border=""1"" cellspacing=""5"" cellpadding=""5"">
 <tbody>
 <tr>
 <td><strong>Type</strong></td>
 <td>Kitchen Sink Mixer</td>
 </tr>
 <tr>
 <td><strong>Material</strong></td>
 <td>Brass Chrome</td>
 </tr>
 </tbody>
 </table> 
  </div>",https://www.bumhan.com.my/product_img/IM01793.png
ONG093,Kitchen,Taps,Kitchen Sink Mixer with Pull-out Spray,,300,"<div bis_skin_checked=""1"">
  <table style=""width: 100%;"" border=""1"" cellspacing=""5"" cellpadding=""5"">
 <tbody>
 <tr>
 <td><strong>Type</strong></td>
 <td>Kitchen Sink Mixer</td>
 </tr>
 <tr>
 <td><strong>Material</strong></td>
 <td>Brass Chrome</td>
 </tr>
 </tbody>
 </table> 
  </div>",https://www.bumhan.com.my/product_img/IM01794.png
ONG094,Kitchen,Taps,Kitchen Sink Mixer with Pull-out Spray,,300,"<div bis_skin_checked=""1"">
  <table style=""width: 100%;"" border=""1"" cellspacing=""5"" cellpadding=""5"">
 <tbody>
 <tr style=""height: 13px;"">
 <td style=""width: 42.2538%; height: 13px;""><strong>Type</strong></td>
 <td style=""width: 50.7462%; height: 13px;"">Kitchen Sink Mixer</td>
 </tr>
 <tr style=""height: 13px;"">
 <td style=""width: 42.2538%; height: 13px;""><strong>Material</strong></td>
 <td style=""width: 50.7462%; height: 13px;"">SUS 304 Stainless Steel</td>
 </tr>
 </tbody>
 </table> 
  </div>",https://www.bumhan.com.my/product_img/IM01795.png
ONG095,Kitchen,Taps,Kitchen Sink Mixer with Pull-out Spray,,300,"<div bis_skin_checked=""1"">
  <table style=""width: 100%;"" border=""1"" cellspacing=""5"" cellpadding=""5"">
 <tbody>
 <tr style=""height: 13px;"">
 <td style=""width: 42.2538%; height: 13px;""><strong>Type</strong></td>
 <td style=""width: 50.7462%; height: 13px;"">Kitchen Sink Mixer</td>
 </tr>
 <tr style=""height: 13px;"">
 <td style=""width: 42.2538%; height: 13px;""><strong>Material</strong></td>
 <td style=""width: 50.7462%; height: 13px;"">SUS 304 Stainless Steel</td>
 </tr>
 </tbody>
 </table> 
  </div>",https://www.bumhan.com.my/product_img/IM01797.png
ONG096,Kitchen,Taps,Kitchen Pillar Flexi Sink Tap,"Kitchen pillar flexi sink tap.
 Adjustable (Mixer).",300,"<div bis_skin_checked=""1"">
  <table style=""width: 100%;"" border=""1"" cellspacing=""5"" cellpadding=""5"">
 <tbody>
 <tr>
 <td><strong>Material</strong></td>
 <td>Body Brass</td>
 </tr>
 <tr>
 <td><strong>Finishing</strong></td>
 <td>Chrome</td>
 </tr>
 <tr>
 <td><strong>Height</strong></td>
 <td>760mm</td>
 </tr>
 </tbody>
 </table> 
  </div>",https://www.bumhan.com.my/product_img/IM01557.png
ONG097,Kitchen,Taps,Kitchen Pillar Sink Tap,Kitchen pillar sink tap.,450,"<div bis_skin_checked=""1"">
  <table style=""width: 100%;"" border=""1"" cellspacing=""5"" cellpadding=""5"">
 <tbody>
 <tr>
 <td><strong>Material</strong></td>
 <td>Stainless Steel 304</td>
 </tr>
 <tr>
 <td><strong>Finishing</strong></td>
 <td>Black</td>
 </tr>
 <tr>
 <td><strong>Height</strong></td>
 <td>450mm</td>
 </tr>
 </tbody>
 </table> 
  </div>",https://www.bumhan.com.my/product_img/IM01559.png
ONG098,Kitchen,Taps,Kitchen Pillar Sink Tap (Mixer),Kitchen pillar sink tap.,500,"<div bis_skin_checked=""1"">
  <table style=""width: 100%;"" border=""1"" cellspacing=""5"" cellpadding=""5"">
 <tbody>
 <tr>
 <td><strong>Material</strong></td>
 <td>Brass</td>
 </tr>
 <tr>
 <td><strong>Finishing</strong></td>
 <td>Gold</td>
 </tr>
 <tr>
 <td><strong>Height</strong></td>
 <td>350mm</td>
 </tr>
 </tbody>
 </table> 
  </div>",https://www.bumhan.com.my/product_img/IM01558.png
ONG099,Kitchen,Taps,FLO2 Single Lever Pulldown Conical Sink Mixer,FLO2 Single Lever Pulldown Conical Sink Mixer with spray & aerated flow sprayhead with 1.75M long tube & 375mm long braided hoses.,450,"<div bis_skin_checked=""1"">
  <table style=""width: 100%;"" border=""1"" cellspacing=""5"" cellpadding=""5"">
 <tbody>
 <tr>
 <td><strong>Connection Size</strong></td>
 <td>Braided hoses, 1/2"" FIP (WRAS Approved)<br>Withstand pressure of 10 Bar</td>
 </tr>
 <tr>
 <td><strong>Flow Rate</strong></td>
 <td>Aerated - 7.65 LPM @ 3 bar<br>Spray - 7.11 LPM @ 3 bar</td>
 </tr>
 <tr>
 <td><strong>Recommended Water Pressure</strong></td>
 <td>1.0 Bar - 5 Bar</td>
 </tr>
 <tr>
 <td><strong>Water Tightness</strong></td>
 <td>16 bar (Pass)</td>
 </tr>
 <tr>
 <td><strong>Pressure Resistance</strong></td>
 <td>25 bar (Pass)</td>
 </tr>
 <tr>
 <td><strong>Available Colour Finishing</strong></td>
 <td>Chrome (CHR)</td>
 </tr>
 </tbody>
 </table> 
  </div>",https://www.bumhan.com.my/product_img/IM01480.jpg
ONG100,Kitchen,Taps,FLO2 Single Lever Pulldown Sink Mixer,FLO2 Single Lever Pulldown Sink Mixer with spray & aerated flow sprayhead with 1.75M long tube & 375mm long braided hoses Aerated.,450,"<div bis_skin_checked=""1"">
  <table style=""width: 100%;"" border=""1"" cellspacing=""5"" cellpadding=""5"">
 <tbody>
 <tr>
 <td><strong>Connection Size</strong></td>
 <td>Braided hoses, 1/2"" FIP (WRAS Approved)<br>Withstand pressure of 10 Bar</td>
 </tr>
 <tr>
 <td><strong>Flow Rate</strong></td>
 <td>Permix - 8.66 LPM @ 3 bar<br>Spray - 8.13 LPM @ 3 bar</td>
 </tr>
 <tr>
 <td><strong>Recommended Water Pressure</strong></td>
 <td>1.0 Bar - 5 Bar</td>
 </tr>
 <tr>
 <td><strong>Water Tightness</strong></td>
 <td>16 bar (Pass)</td>
 </tr>
 <tr>
 <td><strong>Pressure Resistance</strong></td>
 <td>25 bar (Pass)</td>
 </tr>
 <tr>
 <td><strong>Available Colour Finishing</strong></td>
 <td>Chrome (CHR)</td>
 </tr>
 </tbody>
 </table> 
  </div>",https://www.bumhan.com.my/product_img/IM01479.jpg
ONG101,Kitchen,Taps,Stainless Steel Kitchen Sink Mixer with Filter Tap,,400,"<div bis_skin_checked=""1"">
  <table style=""width: 100%;"" border=""1"" cellspacing=""5"" cellpadding=""5"">
 <tbody>
 <tr style=""height: 13px;"">
 <td style=""width: 51.2625px; height: 13px;""><strong>Type</strong></td>
 <td style=""width: 102.737px; height: 13px;"">Kitchen Sink Mixer with Filter Tap</td>
 </tr>
 <tr style=""height: 27px;"">
 <td style=""width: 51.2625px; height: 27px;""><strong>Finish</strong></td>
 <td style=""width: 102.737px; height: 27px;"">Stainless Steel</td>
 </tr>
 <tr style=""height: 13.8px;"">
 <td style=""width: 51.2625px; height: 13.8px;""><strong>Height</strong></td>
 <td style=""width: 102.737px; height: 13.8px;"">404mm</td>
 </tr>
 <tr style=""height: 13px;"">
 <td style=""width: 154px; height: 13px;"" colspan=""2"">
 <ul>
 <li style=""text-align: justify;"">35mm ceramic cartridge.</li>
 <li style=""text-align: justify;"">M10-G1/2 stainless steel hose.</li>
 </ul>
 </td>
 </tr>
 </tbody>
 </table> 
  </div>",https://www.bumhan.com.my/product_img/IM01780.png
ONG102,Hot Water System,Instant Heater,Water Heater with Non-Pump (Sandy Beach),"Slim Matte-Finished Body.
 3-Multi Spray Handshower.
 Anti-Twist Hose.
 1-Knob Control.
 Dual Over Temperature Safety Cut-off.
 High Quality Stop Valve.
 Anti Leak Heater Tank.
 Rainshower Accessory: sold separately.",450,"<div bis_skin_checked=""1"">
  <table class=""product"" style=""width: 100%;"" border=""1"" cellspacing=""5"" cellpadding=""5"">
 <tbody>
 <tr style=""height: 27.8px;"">
 <td class=""table-left"" style=""height: 27.8px;""><strong>Shower Head</strong></td>
 <td class=""table-right"" style=""height: 27.8px;"">Handshower<br>(Rainshower accessory&nbsp;<a href=""product/id/rrs-c1xx"">sold separately</a>)</td>
 </tr>
 <tr style=""height: 13px;"">
 <td class=""table-left"" style=""height: 13px;""><strong>Colour</strong></td>
 <td class=""table-right"" style=""height: 13px;"">Beige</td>
 </tr>
 <tr style=""height: 13px;"">
 <td class=""table-left"" style=""height: 13px;""><strong>Pump</strong></td>
 <td class=""table-right"" style=""height: 13px;"">No</td>
 </tr>
 <tr style=""height: 13px;"">
 <td class=""table-left"" style=""height: 13px;""><strong>Pump Noise Level</strong></td>
 <td class=""table-right"" style=""height: 13px;"">50-60</td>
 </tr>
 <tr style=""height: 13px;"">
 <td class=""table-left"" style=""height: 13px;""><strong>Thermostat</strong></td>
 <td class=""table-right"" style=""height: 13px;"">Double Action</td>
 </tr>
 <tr style=""height: 13px;"">
 <td class=""table-left"" style=""height: 13px;""><strong>Power Rating</strong></td>
 <td class=""table-right"" style=""height: 13px;"">3.8kW</td>
 </tr>
 <tr style=""height: 13px;"">
 <td class=""table-left"" style=""height: 13px;""><strong>Voltage</strong></td>
 <td class=""table-right"" style=""height: 13px;"">240V</td>
 </tr>
 <tr style=""height: 13px;"">
 <td class=""table-left"" style=""height: 13px;""><strong>Water Temperature E-Control</strong></td>
 <td class=""table-right"" style=""height: 13px;"">Electronic</td>
 </tr>
 <tr style=""height: 13px;"">
 <td class=""table-left"" style=""height: 13px;""><strong>Min Flow Rate</strong></td>
 <td class=""table-right"" style=""height: 13px;"">2L/min</td>
 </tr>
 <tr style=""height: 13px;"">
 <td class=""table-left"" style=""height: 13px;""><strong>Min Pressure</strong></td>
 <td class=""table-right"" style=""height: 13px;"">20 kPa</td>
 </tr>
 <tr style=""height: 13px;"">
 <td class=""table-left"" style=""height: 13px;""><strong>Max Pressure</strong></td>
 <td class=""table-right"" style=""height: 13px;"">600 kPa</td>
 </tr>
 <tr style=""height: 13px;"">
 <td class=""table-left"" style=""height: 13px;""><strong>Cold Water Connection</strong></td>
 <td class=""table-right"" style=""height: 13px;"">15mm Diameter (1/2” BSP)</td>
 </tr>
 <tr style=""height: 13px;"">
 <td class=""table-left"" style=""height: 13px;""><strong>Product Weight</strong></td>
 <td class=""table-right"" style=""height: 13px;"">1.45kg</td>
 </tr>
 <tr style=""height: 13px;"">
 <td class=""table-left"" style=""height: 13px;""><strong>Product Size</strong></td>
 <td class=""table-right"" style=""height: 13px;"">(W) 22.2cm x (D) 38.8cm x (H) 10.2cm</td>
 </tr>
 <tr style=""height: 13px;"">
 <td class=""table-left"" style=""height: 13px;""><strong>Package Weight</strong></td>
 <td class=""table-right"" style=""height: 13px;"">2.5kg</td>
 </tr>
 <tr style=""height: 13px;"">
 <td class=""table-left"" style=""height: 13px;""><strong>Package Size</strong></td>
 <td class=""table-right"" style=""height: 13px;"">(L) 25.0cm x (W) 59.0cm x (H) 10.5cm</td>
 </tr>
 </tbody>
 </table> 
  </div>",https://www.bumhan.com.my/product_img/IM01572.png
ONG103,Hot Water System,Instant Heater,Water Heater with Non-Pump (Cirrus Cloud),"Slim Matte-Finished Body.
 5-Multi Spray Handshower.
 Anti-Twist Hose.
 1-Knob Control.
 Dual Over Temperature Safety Cut-off.
 High Quality Stop Valve.
 Anti Leak Heater Tank.
 Rainshower Accessory: sold separately.",450,"<div bis_skin_checked=""1"">
  <table class=""product"" style=""width: 100%;"" border=""1"" cellspacing=""5"" cellpadding=""5"">
 <tbody>
 <tr>
 <td class=""table-left""><strong>Shower Head</strong></td>
 <td class=""table-right"">Handshower<br>(Rainshower accessory&nbsp;<a href=""product/id/rrs-c1xx"">sold separately</a>)</td>
 </tr>
 <tr>
 <td class=""table-left""><strong>Colour</strong></td>
 <td class=""table-right"">White</td>
 </tr>
 <tr>
 <td class=""table-left""><strong>Pump</strong></td>
 <td class=""table-right"">No</td>
 </tr>
 <tr>
 <td class=""table-left""><strong>Pump Noise Level</strong></td>
 <td class=""table-right"">50-60</td>
 </tr>
 <tr>
 <td class=""table-left""><strong>Thermostat</strong></td>
 <td class=""table-right"">Double Action</td>
 </tr>
 <tr>
 <td class=""table-left""><strong>Power Rating</strong></td>
 <td class=""table-right"">3.8kW</td>
 </tr>
 <tr>
 <td class=""table-left""><strong>Voltage</strong></td>
 <td class=""table-right"">240V</td>
 </tr>
 <tr>
 <td class=""table-left""><strong>Water Temperature E-Control</strong></td>
 <td class=""table-right"">Electronic</td>
 </tr>
 <tr>
 <td class=""table-left""><strong>Min Flow Rate</strong></td>
 <td class=""table-right"">2L/min</td>
 </tr>
 <tr>
 <td class=""table-left""><strong>Min Pressure</strong></td>
 <td class=""table-right"">20 kPa</td>
 </tr>
 <tr>
 <td class=""table-left""><strong>Max Pressure</strong></td>
 <td class=""table-right"">600 kPa</td>
 </tr>
 <tr>
 <td class=""table-left""><strong>Cold Water Connection</strong></td>
 <td class=""table-right"">15mm Diameter (1/2” BSP)</td>
 </tr>
 <tr>
 <td class=""table-left""><strong>Product Weight</strong></td>
 <td class=""table-right"">1.45kg</td>
 </tr>
 <tr>
 <td class=""table-left""><strong>Product Size</strong></td>
 <td class=""table-right"">(W) 22.2cm x (D) 38.8cm x (H) 10.2cm</td>
 </tr>
 <tr>
 <td class=""table-left""><strong>Package Weight</strong></td>
 <td class=""table-right"">2.5kg</td>
 </tr>
 <tr>
 <td class=""table-left""><strong>Package Size</strong></td>
 <td class=""table-right"">(L) 25.0cm x (W) 59.0cm x (H) 10.5cm</td>
 </tr>
 </tbody>
 </table> 
  </div>",https://www.bumhan.com.my/product_img/IM01576.png
ONG104,Hot Water System,Instant Heater,Water Heater with Non-Pump (Sky Blue),"Slim Matte-Finished Body.
 3-Multi Spray Handshower.
 Anti-Twist Hose.
 1-Knob Control.
 Dual Over Temperature Safety Cut-off.
 High Quality Stop Valve.
 Anti Leak Heater Tank.",450,"<div bis_skin_checked=""1"">
  <table class=""product"" style=""width: 100%;"" border=""1"" cellspacing=""5"" cellpadding=""5"">
 <tbody>
 <tr>
 <td class=""table-left""><strong>Shower Head</strong></td>
 <td class=""table-right"">Handshower<br>(Rainshower accessory&nbsp;<a href=""product/id/rrs-c1xx"">sold separately</a>)</td>
 </tr>
 <tr>
 <td class=""table-left""><strong>Colour</strong></td>
 <td class=""table-right"">Blue</td>
 </tr>
 <tr>
 <td class=""table-left""><strong>Pump</strong></td>
 <td class=""table-right"">No</td>
 </tr>
 <tr>
 <td class=""table-left""><strong>Pump Noise Level</strong></td>
 <td class=""table-right"">50-60</td>
 </tr>
 <tr>
 <td class=""table-left""><strong>Thermostat</strong></td>
 <td class=""table-right"">Double Action</td>
 </tr>
 <tr>
 <td class=""table-left""><strong>Power Rating</strong></td>
 <td class=""table-right"">3.8kW</td>
 </tr>
 <tr>
 <td class=""table-left""><strong>Voltage</strong></td>
 <td class=""table-right"">240V</td>
 </tr>
 <tr>
 <td class=""table-left""><strong>Water Temperature E-Control</strong></td>
 <td class=""table-right"">Electronic</td>
 </tr>
 <tr>
 <td class=""table-left""><strong>Min Flow Rate</strong></td>
 <td class=""table-right"">2L/min</td>
 </tr>
 <tr>
 <td class=""table-left""><strong>Min Pressure</strong></td>
 <td class=""table-right"">20 kPa</td>
 </tr>
 <tr>
 <td class=""table-left""><strong>Max Pressure</strong></td>
 <td class=""table-right"">600 kPa</td>
 </tr>
 <tr>
 <td class=""table-left""><strong>Cold Water Connection</strong></td>
 <td class=""table-right"">15mm Diameter (1/2” BSP)</td>
 </tr>
 <tr>
 <td class=""table-left""><strong>Product Weight</strong></td>
 <td class=""table-right"">1.45kg</td>
 </tr>
 <tr>
 <td class=""table-left""><strong>Product Size</strong></td>
 <td class=""table-right"">(W) 22.2cm x (D) 38.8cm x (H) 10.2cm</td>
 </tr>
 <tr>
 <td class=""table-left""><strong>Package Weight</strong></td>
 <td class=""table-right"">2.5kg</td>
 </tr>
 <tr>
 <td class=""table-left""><strong>Package Size</strong></td>
 <td class=""table-right"">(L) 25.0cm x (W) 59.0cm x (H) 10.5cm</td>
 </tr>
 </tbody>
 </table> 
  </div>",https://www.bumhan.com.my/product_img/IM01580.png
ONG105,Hot Water System,Instant Heater,Water Heater with Non-Pump (Aqua Turquoise),"3-Multi Spray Handshower.
 Anti-Twist Hose.
 1-Knob Control.
 Dual Over Temperature Safety Cut-off.
 High Quality Stop Valve.
 Anti Leak Heater Tank.",500,"<div bis_skin_checked=""1"">
  <table class=""product"" style=""width: 100%;"" border=""1"" cellspacing=""5"" cellpadding=""5"">
 <tbody>
 <tr style=""height: 27px;"">
 <td class=""table-left"" style=""height: 27px;""><strong>Shower Head</strong></td>
 <td class=""table-right"" style=""height: 27px;"">Handshower<br>(Rainshower accessory&nbsp;<a href=""product/id/rrs-c1xx"">sold separately</a>)</td>
 </tr>
 <tr style=""height: 13px;"">
 <td class=""table-left"" style=""height: 13px;""><strong>Colour</strong></td>
 <td class=""table-right"" style=""height: 13px;"">Turquoise</td>
 </tr>
 <tr style=""height: 13px;"">
 <td class=""table-left"" style=""height: 13px;""><strong>Pump</strong></td>
 <td class=""table-right"" style=""height: 13px;"">No</td>
 </tr>
 <tr style=""height: 13px;"">
 <td class=""table-left"" style=""height: 13px;""><strong>Pump Noise Level</strong></td>
 <td class=""table-right"" style=""height: 13px;"">50-60</td>
 </tr>
 <tr style=""height: 13px;"">
 <td class=""table-left"" style=""height: 13px;""><strong>Thermostat</strong></td>
 <td class=""table-right"" style=""height: 13px;"">Double Action</td>
 </tr>
 <tr style=""height: 13.8px;"">
 <td class=""table-left"" style=""height: 13.8px;""><strong>Power Rating</strong></td>
 <td class=""table-right"" style=""height: 13.8px;"">3.8kW</td>
 </tr>
 <tr style=""height: 13px;"">
 <td class=""table-left"" style=""height: 13px;""><strong>Voltage</strong></td>
 <td class=""table-right"" style=""height: 13px;"">240V</td>
 </tr>
 <tr style=""height: 13px;"">
 <td class=""table-left"" style=""height: 13px;""><strong>Water Temperature E-Control</strong></td>
 <td class=""table-right"" style=""height: 13px;"">Electronic</td>
 </tr>
 <tr style=""height: 13px;"">
 <td class=""table-left"" style=""height: 13px;""><strong>Min Flow Rate</strong></td>
 <td class=""table-right"" style=""height: 13px;"">2L/min</td>
 </tr>
 <tr style=""height: 13px;"">
 <td class=""table-left"" style=""height: 13px;""><strong>Min Pressure</strong></td>
 <td class=""table-right"" style=""height: 13px;"">20 kPa</td>
 </tr>
 <tr style=""height: 13px;"">
 <td class=""table-left"" style=""height: 13px;""><strong>Max Pressure</strong></td>
 <td class=""table-right"" style=""height: 13px;"">600 kPa</td>
 </tr>
 <tr style=""height: 13px;"">
 <td class=""table-left"" style=""height: 13px;""><strong>Cold Water Connection</strong></td>
 <td class=""table-right"" style=""height: 13px;"">15mm Diameter (1/2” BSP)</td>
 </tr>
 <tr style=""height: 13px;"">
 <td class=""table-left"" style=""height: 13px;""><strong>Product Weight</strong></td>
 <td class=""table-right"" style=""height: 13px;"">1.45kg</td>
 </tr>
 <tr style=""height: 13px;"">
 <td class=""table-left"" style=""height: 13px;""><strong>Product Size</strong></td>
 <td class=""table-right"" style=""height: 13px;"">(W) 22.2cm x (D) 38.8cm x (H) 10.2cm</td>
 </tr>
 <tr style=""height: 13px;"">
 <td class=""table-left"" style=""height: 13px;""><strong>Package Weight</strong></td>
 <td class=""table-right"" style=""height: 13px;"">2.5kg</td>
 </tr>
 <tr style=""height: 13px;"">
 <td class=""table-left"" style=""height: 13px;""><strong>Package Size</strong></td>
 <td class=""table-right"" style=""height: 13px;"">(L) 25.0cm x (W) 59.0cm x (H) 10.5cm</td>
 </tr>
 </tbody>
 </table> 
  </div>",https://www.bumhan.com.my/product_img/IM01584.png
ONG106,Hot Water System,Instant Heater,Water Heater with DC Pump (Sandy Beach),"3-Multi Spray Handshower.
 Anti-Twist Hose.
 1-Knob Control.
 Dual Over Temperature Safety Cut-off.
 High Quality Stop Valve.
 Anti Leak Heater Tank.",340,"<div bis_skin_checked=""1"">
  <table class=""product"" style=""width: 100%;"" border=""1"" cellspacing=""5"" cellpadding=""5"">
 <tbody>
 <tr>
 <td class=""table-left""><strong>Shower Head</strong></td>
 <td class=""table-right"">Handshower<br>(Rainshower accessory&nbsp;<a href=""product/id/rrs-c1xx"">sold separately</a>)</td>
 </tr>
 <tr>
 <td class=""table-left""><strong>Colour</strong></td>
 <td class=""table-right"">Beige</td>
 </tr>
 <tr>
 <td class=""table-left""><strong>Pump</strong></td>
 <td class=""table-right"">DC Inverter</td>
 </tr>
 <tr>
 <td class=""table-left""><strong>Pump Noise Level</strong></td>
 <td class=""table-right"">50-60</td>
 </tr>
 <tr>
 <td class=""table-left""><strong>Thermostat</strong></td>
 <td class=""table-right"">Double Action</td>
 </tr>
 <tr>
 <td class=""table-left""><strong>Power Rating</strong></td>
 <td class=""table-right"">3.8kW</td>
 </tr>
 <tr>
 <td class=""table-left""><strong>Voltage</strong></td>
 <td class=""table-right"">240V</td>
 </tr>
 <tr>
 <td class=""table-left""><strong>Water Temperature E-Control</strong></td>
 <td class=""table-right"">Electronic</td>
 </tr>
 <tr>
 <td class=""table-left""><strong>Min Flow Rate</strong></td>
 <td class=""table-right"">2L/min</td>
 </tr>
 <tr>
 <td class=""table-left""><strong>Min Pressure</strong></td>
 <td class=""table-right"">20 kPa</td>
 </tr>
 <tr>
 <td class=""table-left""><strong>Max Pressure</strong></td>
 <td class=""table-right"">600 kPa</td>
 </tr>
 <tr>
 <td class=""table-left""><strong>Cold Water Connection</strong></td>
 <td class=""table-right"">15mm Diameter (1/2” BSP)</td>
 </tr>
 <tr>
 <td class=""table-left""><strong>Product Weight</strong></td>
 <td class=""table-right"">1.8kg</td>
 </tr>
 <tr>
 <td class=""table-left""><strong>Product Size</strong></td>
 <td class=""table-right"">(W) 22.2cm x (D) 38.8cm x (H) 10.2cm</td>
 </tr>
 <tr>
 <td class=""table-left""><strong>Package Weight</strong></td>
 <td class=""table-right"">2.85kg</td>
 </tr>
 <tr>
 <td class=""table-left""><strong>Package Size</strong></td>
 <td class=""table-right"">(L) 25.0cm x (W) 59.0cm x (H) 10.5cm</td>
 </tr>
 </tbody>
 </table> 
  </div>",https://www.bumhan.com.my/product_img/IM01592.png
ONG107,Hot Water System,Instant Heater,Water Heater with DC Pump (Cirrus Cloud),"Slim Matte-Finished Body.
 5-Multi Spray Handshower.
 Anti-Twist Hose.
 1-Knob Control.
 Dual Over Temperature Safety Cut-off.
 High Quality Stop Valve.
 Anti Leak Heater Tank.",320,"<div bis_skin_checked=""1"">
  <table class=""product"" style=""width: 100%;"" border=""1"" cellspacing=""5"" cellpadding=""5"">
 <tbody>
 <tr>
 <td class=""table-left""><strong>Shower Head</strong></td>
 <td class=""table-right"">Handshower<br>(Rainshower accessory&nbsp;<a href=""product/id/rrs-c1xx"">sold separately</a>)</td>
 </tr>
 <tr>
 <td class=""table-left""><strong>Colour</strong></td>
 <td class=""table-right"">White</td>
 </tr>
 <tr>
 <td class=""table-left""><strong>Pump</strong></td>
 <td class=""table-right"">DC Inverter</td>
 </tr>
 <tr>
 <td class=""table-left""><strong>Pump Noise Level</strong></td>
 <td class=""table-right"">50-60</td>
 </tr>
 <tr>
 <td class=""table-left""><strong>Thermostat</strong></td>
 <td class=""table-right"">Double Action</td>
 </tr>
 <tr>
 <td class=""table-left""><strong>Power Rating</strong></td>
 <td class=""table-right"">3.8kW</td>
 </tr>
 <tr>
 <td class=""table-left""><strong>Voltage</strong></td>
 <td class=""table-right"">240V</td>
 </tr>
 <tr>
 <td class=""table-left""><strong>Water Temperature E-Control</strong></td>
 <td class=""table-right"">Electronic</td>
 </tr>
 <tr>
 <td class=""table-left""><strong>Min Flow Rate</strong></td>
 <td class=""table-right"">2L/min</td>
 </tr>
 <tr>
 <td class=""table-left""><strong>Min Pressure</strong></td>
 <td class=""table-right"">20 kPa</td>
 </tr>
 <tr>
 <td class=""table-left""><strong>Max Pressure</strong></td>
 <td class=""table-right"">600 kPa</td>
 </tr>
 <tr>
 <td class=""table-left""><strong>Cold Water Connection</strong></td>
 <td class=""table-right"">15mm Diameter (1/2” BSP)</td>
 </tr>
 <tr>
 <td class=""table-left""><strong>Product Weight</strong></td>
 <td class=""table-right"">1.8kg</td>
 </tr>
 <tr>
 <td class=""table-left""><strong>Product Size</strong></td>
 <td class=""table-right"">(W) 22.2cm x (D) 38.8cm x (H) 10.2cm</td>
 </tr>
 <tr>
 <td class=""table-left""><strong>Package Weight</strong></td>
 <td class=""table-right"">2.85kg</td>
 </tr>
 <tr>
 <td class=""table-left""><strong>Package Size</strong></td>
 <td class=""table-right"">(L) 25.0cm x (W) 59.0cm x (H) 10.5cm</td>
 </tr>
 </tbody>
 </table> 
  </div>",https://www.bumhan.com.my/product_img/IM01588.png
ONG108,Hot Water System,Instant Heater,Water Heater with DC Pump (Sky Blue),"3-Multi Spray Handshower.
 Anti-Twist Hose.
 1-Knob Control.
 Dual Over Temperature Safety Cut-off.
 High Quality Stop Valve.
 Anti Leak Heater Tank.",300,"<div bis_skin_checked=""1"">
  <table class=""product"" style=""width: 100%;"" border=""1"" cellspacing=""5"" cellpadding=""5"">
 <tbody>
 <tr>
 <td class=""table-left""><strong>Shower Head</strong></td>
 <td class=""table-right"">Handshower<br>(Rainshower accessory&nbsp;<a href=""product/id/rrs-c1xx"">sold separately</a>)</td>
 </tr>
 <tr>
 <td class=""table-left""><strong>Colour</strong></td>
 <td class=""table-right"">Blue</td>
 </tr>
 <tr>
 <td class=""table-left""><strong>Pump</strong></td>
 <td class=""table-right"">DC Inverter</td>
 </tr>
 <tr>
 <td class=""table-left""><strong>Pump Noise Level</strong></td>
 <td class=""table-right"">50-60</td>
 </tr>
 <tr>
 <td class=""table-left""><strong>Thermostat</strong></td>
 <td class=""table-right"">Double Action</td>
 </tr>
 <tr>
 <td class=""table-left""><strong>Power Rating</strong></td>
 <td class=""table-right"">3.8kW</td>
 </tr>
 <tr>
 <td class=""table-left""><strong>Voltage</strong></td>
 <td class=""table-right"">240V</td>
 </tr>
 <tr>
 <td class=""table-left""><strong>Water Temperature E-Control</strong></td>
 <td class=""table-right"">Electronic</td>
 </tr>
 <tr>
 <td class=""table-left""><strong>Min Flow Rate</strong></td>
 <td class=""table-right"">2L/min</td>
 </tr>
 <tr>
 <td class=""table-left""><strong>Min Pressure</strong></td>
 <td class=""table-right"">20 kPa</td>
 </tr>
 <tr>
 <td class=""table-left""><strong>Max Pressure</strong></td>
 <td class=""table-right"">600 kPa</td>
 </tr>
 <tr>
 <td class=""table-left""><strong>Cold Water Connection</strong></td>
 <td class=""table-right"">15mm Diameter (1/2” BSP)</td>
 </tr>
 <tr>
 <td class=""table-left""><strong>Product Weight</strong></td>
 <td class=""table-right"">1.8kg</td>
 </tr>
 <tr>
 <td class=""table-left""><strong>Product Size</strong></td>
 <td class=""table-right"">(W) 22.2cm x (D) 38.8cm x (H) 10.2cm</td>
 </tr>
 <tr>
 <td class=""table-left""><strong>Package Weight</strong></td>
 <td class=""table-right"">2.85kg</td>
 </tr>
 <tr>
 <td class=""table-left""><strong>Package Size</strong></td>
 <td class=""table-right"">(L) 25.0cm x (W) 59.0cm x (H) 10.5cm</td>
 </tr>
 </tbody>
 </table> 
  </div>",https://www.bumhan.com.my/product_img/IM01596.png
ONG109,Hot Water System,Instant Heater,Water Heater with DC Pump (Aqua Turquoise),"3-Multi Spray Handshower.
 Anti-Twist Hose.
 1-Knob Control.
 Dual Over Temperature Safety Cut-off.
 High Quality Stop Valve.
 Anti Leak Heater Tank.
 Rainshower Accessory: sold separately.",300,"<div bis_skin_checked=""1"">
  <table class=""product"" style=""width: 100%;"" border=""1"" cellspacing=""5"" cellpadding=""5"">
 <tbody>
 <tr>
 <td class=""table-left""><strong>Shower Head</strong></td>
 <td class=""table-right"">Handshower<br>(Rainshower accessory&nbsp;<a href=""product/id/rrs-c1xx"">sold separately</a>)</td>
 </tr>
 <tr>
 <td class=""table-left""><strong>Colour</strong></td>
 <td class=""table-right"">Turquoise</td>
 </tr>
 <tr>
 <td class=""table-left""><strong>Pump</strong></td>
 <td class=""table-right"">DC Inverter</td>
 </tr>
 <tr>
 <td class=""table-left""><strong>Pump Noise Level</strong></td>
 <td class=""table-right"">50-60</td>
 </tr>
 <tr>
 <td class=""table-left""><strong>Thermostat</strong></td>
 <td class=""table-right"">Double Action</td>
 </tr>
 <tr>
 <td class=""table-left""><strong>Power Rating</strong></td>
 <td class=""table-right"">3.8kW</td>
 </tr>
 <tr>
 <td class=""table-left""><strong>Voltage</strong></td>
 <td class=""table-right"">240V</td>
 </tr>
 <tr>
 <td class=""table-left""><strong>Water Temperature E-Control</strong></td>
 <td class=""table-right"">Electronic</td>
 </tr>
 <tr>
 <td class=""table-left""><strong>Min Flow Rate</strong></td>
 <td class=""table-right"">2L/min</td>
 </tr>
 <tr>
 <td class=""table-left""><strong>Min Pressure</strong></td>
 <td class=""table-right"">20 kPa</td>
 </tr>
 <tr>
 <td class=""table-left""><strong>Max Pressure</strong></td>
 <td class=""table-right"">600 kPa</td>
 </tr>
 <tr>
 <td class=""table-left""><strong>Cold Water Connection</strong></td>
 <td class=""table-right"">15mm Diameter (1/2” BSP)</td>
 </tr>
 <tr>
 <td class=""table-left""><strong>Product Weight</strong></td>
 <td class=""table-right"">1.8kg</td>
 </tr>
 <tr>
 <td class=""table-left""><strong>Product Size</strong></td>
 <td class=""table-right"">(W) 22.2cm x (D) 38.8cm x (H) 10.2cm</td>
 </tr>
 <tr>
 <td class=""table-left""><strong>Package Weight</strong></td>
 <td class=""table-right"">2.85kg</td>
 </tr>
 <tr>
 <td class=""table-left""><strong>Package Size</strong></td>
 <td class=""table-right"">(L) 25.0cm x (W) 59.0cm x (H) 10.5cm</td>
 </tr>
 </tbody>
 </table> 
  </div>",https://www.bumhan.com.my/product_img/IM01600.png
ONG110,Cloth Hanger,,LD18S,"Functions:
 
 
 Remote control.
 LED lighting.
 UV lamp disinfection.
 Fan for cool air dry.
 Heater for hot air dry.
 
 
 Rods:
 
 
 2 Extendable rod for clothes hanger.
 
 
 2 Extendable rod for bedsheet.
 
 
 Rod size: 150-240cm.",288,"<div bis_skin_checked=""1"">
  <table border=""1"" width=""100%"" cellspacing=""5"" cellpadding=""5"">
 <tbody>
 <tr style=""height: 13px;"">
 <td style=""width: 29.3683%; height: 13px;""><strong>Machine</strong></td>
 <td style=""width: 64.9866%; height: 13px;"">150cm</td>
 </tr>
 <tr style=""height: 13px;"">
 <td style=""width: 29.3683%; height: 13px;""><strong>Voltage</strong></td>
 <td style=""width: 64.9866%; height: 13px;"">220V</td>
 </tr>
 <tr style=""height: 13px;"">
 <td style=""width: 29.3683%; height: 13px;""><strong>Frequency</strong></td>
 <td style=""width: 64.9866%; height: 13px;"">50Hz/60Hz</td>
 </tr>
 <tr style=""height: 13px;"">
 <td style=""width: 29.3683%; height: 13px;""><strong>Total Power</strong></td>
 <td style=""width: 64.9866%; height: 13px;"">898W</td>
 </tr>
 <tr style=""height: 13px;"">
 <td style=""width: 29.3683%; height: 13px;""><strong>LED Light Power</strong></td>
 <td style=""width: 64.9866%; height: 13px;"">16W</td>
 </tr>
 <tr style=""height: 13px;"">
 <td style=""width: 29.3683%; height: 13px;""><strong>Motor Power</strong></td>
 <td style=""width: 64.9866%; height: 13px;"">130W</td>
 </tr>
 <tr style=""height: 13px;"">
 <td style=""width: 29.3683%; height: 13px;""><strong>UV Lamp Power</strong></td>
 <td style=""width: 64.9866%; height: 13px;"">7W x&nbsp;2pcs</td>
 </tr>
 <tr style=""height: 13px;"">
 <td style=""width: 29.3683%; height: 13px;""><strong>Fan Power</strong></td>
 <td style=""width: 64.9866%; height: 13px;"">14W&nbsp;x 2 pcs</td>
 </tr>
 <tr style=""height: 14px;"">
 <td style=""width: 29.3683%; height: 14px;""><strong>Heater Power</strong></td>
 <td style=""width: 64.9866%; height: 14px;"">350W&nbsp;x 2</td>
 </tr>
 <tr style=""height: 13px;"">
 <td style=""width: 29.3683%; height: 13px;""><strong>Holes Quantity</strong></td>
 <td style=""width: 64.9866%; height: 13px;"">24</td>
 </tr>
 <tr style=""height: 13px;"">
 <td style=""width: 29.3683%; height: 13px;""><strong>Length to Drop</strong></td>
 <td style=""width: 64.9866%; height: 13px;"">Normal 1.3m</td>
 </tr>
 <tr style=""height: 13px;"">
 <td style=""width: 29.3683%; height: 13px;""><strong>Loading Capacity</strong></td>
 <td style=""width: 64.9866%; height: 13px;"">Moving: 35kgs</td>
 </tr>
 </tbody>
 </table> 
  </div>",https://www.bumhan.com.my/product_img/IM01723.jpg
ONG111,Cloth Hanger,,LD19S,"Remote control.
 LED lighting.
 
 
 Rods: 
 
 
 2 Extendable rod for clothes hanger.
 
 
 2 Extendable rod for bedsheet.
 
 
 Rod size: 120-220cm.",230,"<div bis_skin_checked=""1"">
  <table border=""1"" width=""100%"" cellspacing=""5"" cellpadding=""5"">
 <tbody>
 <tr>
 <td style=""width: 33.054%;""><strong>Machine</strong></td>
 <td style=""width: 61.3008%;"">120cm</td>
 </tr>
 <tr>
 <td style=""width: 33.054%;""><strong>Voltage</strong></td>
 <td style=""width: 61.3008%;"">220V</td>
 </tr>
 <tr>
 <td style=""width: 33.054%;""><strong>Frequency</strong></td>
 <td style=""width: 61.3008%;"">50Hz/60Hz</td>
 </tr>
 <tr>
 <td style=""width: 33.054%;""><strong>Total Power</strong></td>
 <td style=""width: 61.3008%;"">140W</td>
 </tr>
 <tr>
 <td style=""width: 33.054%;""><strong>LED Light Power</strong></td>
 <td style=""width: 61.3008%;"">10W</td>
 </tr>
 <tr>
 <td style=""width: 33.054%;""><strong>Motor Power</strong></td>
 <td style=""width: 61.3008%;"">130W</td>
 </tr>
 <tr>
 <td style=""width: 33.054%;""><strong>Length to Drop</strong></td>
 <td style=""width: 61.3008%;"">Normal 1.3m</td>
 </tr>
 <tr>
 <td style=""width: 33.054%;""><strong>Loading Capacity</strong></td>
 <td style=""width: 61.3008%;"">Moving: 35kgs</td>
 </tr>
 </tbody>
 </table> 
  </div>",https://www.bumhan.com.my/product_img/IM01722.jpg
ONG112,Cloth Hanger,,LD20S,"Functions:
 
 Remote control.
 LED lighting.
 Fan for cool air dry, 3 hours auto-off.
 Heater for hot air dry, 3 hours auto-off.
 App control.
 
 
 Rods: 
 
 
 2 Extendable rod for clothes hanger.
 
 
 2 Extendable rod for bedsheet.
 
 
 Rod size: 127-210cm.",230,"<div bis_skin_checked=""1"">
  <table border=""1"" width=""100%"" cellspacing=""5"" cellpadding=""5"">
 <tbody>
 <tr style=""height: 13px;"">
 <td style=""height: 13px;""><strong>Machine</strong></td>
 <td style=""height: 13px;"">120cm</td>
 </tr>
 <tr style=""height: 13px;"">
 <td style=""height: 13px;""><strong>Voltage</strong></td>
 <td style=""height: 13px;"">220V</td>
 </tr>
 <tr style=""height: 13px;"">
 <td style=""height: 13px;""><strong>Frequency</strong></td>
 <td style=""height: 13px;"">50Hz/60Hz</td>
 </tr>
 <tr style=""height: 13px;"">
 <td style=""height: 13px;""><strong>Total Power</strong></td>
 <td style=""height: 13px;"">140W</td>
 </tr>
 <tr style=""height: 13px;"">
 <td style=""height: 13px;""><strong>LED Light Power</strong></td>
 <td style=""height: 13px;"">10W</td>
 </tr>
 <tr style=""height: 13px;"">
 <td style=""height: 13px;""><strong>Motor Power</strong></td>
 <td style=""height: 13px;"">130W</td>
 </tr>
 <tr style=""height: 13px;"">
 <td style=""height: 13px;""><strong>Length to Drop</strong></td>
 <td style=""height: 13px;"">Normal 1.3m</td>
 </tr>
 <tr style=""height: 13px;"">
 <td style=""height: 13px;""><strong>Loading Capacity</strong></td>
 <td style=""height: 13px;"">Moving: 35kgs</td>
 </tr>
 </tbody>
 </table> 
  </div>",https://www.bumhan.com.my/product_img/IM01724.jpg
ONG113,Cloth Hanger,,LD02M,"2400mm (8ft) length rack.
 Unique designed roller prevents wire separation.
 Gear reduction for light weight operation.
 Premium quality mechanism..",200,,https://www.bumhan.com.my/product_img/IM01726.jpg
ONG114,Cloth Hanger,,4 Bar Stainless Steel Laundry Hanger (3ft),,200,"<div bis_skin_checked=""1"">
  <table style=""width: 100%;"" border=""1"" cellspacing=""5"" cellpadding=""5"">
 <tbody>
 <tr>
 <td><strong>Dimension</strong></td>
 <td>900mm</td>
 </tr>
 <tr>
 <td><strong>Weight</strong></td>
 <td>4.8kg</td>
 </tr>
 <tr>
 <td><strong>Material</strong></td>
 <td>Stainless Steel 304</td>
 </tr>
 <tr>
 <td><strong>Finish</strong></td>
 <td>Chrome Hairline</td>
 </tr>
 <tr>
 <td><strong>Product Warranty</strong></td>
 <td>25 years</td>
 </tr>
 </tbody>
 </table> 
  </div>",https://www.bumhan.com.my/product_img/IM01837.png
ONG115,Cloth Hanger,,4 Bar Stainless Steel Laundry Hanger (4ft),,200,"<div bis_skin_checked=""1"">
  <table style=""width: 100%;"" border=""1"" cellspacing=""5"" cellpadding=""5"">
 <tbody>
 <tr>
 <td><strong>Dimension</strong></td>
 <td>1200mm</td>
 </tr>
 <tr>
 <td><strong>Weight</strong></td>
 <td>5.2kg</td>
 </tr>
 <tr>
 <td><strong>Material</strong></td>
 <td>Stainless Steel 304</td>
 </tr>
 <tr>
 <td><strong>Finish</strong></td>
 <td>Chrome Hairline</td>
 </tr>
 <tr>
 <td><strong>Product Warranty</strong></td>
 <td>25 years</td>
 </tr>
 </tbody>
 </table> 
  </div>",https://www.bumhan.com.my/product_img/IM01838.png
ONG116,Cloth Hanger,,4 Bar Stainless Steel Laundry Hanger (6ft),,200,"<div bis_skin_checked=""1"">
  <table style=""width: 100%;"" border=""1"" cellspacing=""5"" cellpadding=""5"">
 <tbody>
 <tr>
 <td><strong>Dimension</strong></td>
 <td>1800mm</td>
 </tr>
 <tr>
 <td><strong>Weight</strong></td>
 <td>7.5kg</td>
 </tr>
 <tr>
 <td><strong>Material</strong></td>
 <td>Stainless Steel 304</td>
 </tr>
 <tr>
 <td><strong>Finish</strong></td>
 <td>Chrome Hairline</td>
 </tr>
 <tr>
 <td><strong>Product Warranty</strong></td>
 <td>25 years</td>
 </tr>
 </tbody>
 </table> 
  </div>",https://www.bumhan.com.my/product_img/IM01839.png
ONG117,Cloth Hanger,,Stainless Steel Free Standing Laundry Hanger (3ft),,200,"<div bis_skin_checked=""1"">
  <table style=""width: 100%;"" border=""1"" cellspacing=""5"" cellpadding=""5"">
 <tbody>
 <tr>
 <td><strong>Dimension</strong></td>
 <td>900mm</td>
 </tr>
 <tr>
 <td><strong>Weight</strong></td>
 <td>7.5kg</td>
 </tr>
 <tr>
 <td><strong>Material</strong></td>
 <td>Stainless Steel 304</td>
 </tr>
 <tr>
 <td><strong>Finish</strong></td>
 <td>Chrome Hairline</td>
 </tr>
 <tr>
 <td><strong>Product Warranty</strong></td>
 <td>25 years</td>
 </tr>
 </tbody>
 </table> 
  </div>",https://www.bumhan.com.my/product_img/IM01834.png
ONG118,Cloth Hanger,,Stainless Steel Free Standing Laundry Hanger (4ft),,200,"<div bis_skin_checked=""1"">
  <table style=""width: 100%;"" border=""1"" cellspacing=""5"" cellpadding=""5"">
 <tbody>
 <tr>
 <td><strong>Dimension</strong></td>
 <td>1200mm</td>
 </tr>
 <tr>
 <td><strong>Weight</strong></td>
 <td>7.5kg</td>
 </tr>
 <tr>
 <td><strong>Material</strong></td>
 <td>Stainless Steel 304</td>
 </tr>
 <tr>
 <td><strong>Finish</strong></td>
 <td>Chrome Hairline</td>
 </tr>
 <tr>
 <td><strong>Product Warranty</strong></td>
 <td>25 years</td>
 </tr>
 </tbody>
 </table> 
  </div>",https://www.bumhan.com.my/product_img/IM01835.png
ONG119,Cloth Hanger,,Stainless Steel Free Standing Laundry Hanger (5ft),,200,"<div bis_skin_checked=""1"">
  <table style=""width: 100%;"" border=""1"" cellspacing=""5"" cellpadding=""5"">
 <tbody>
 <tr>
 <td><strong>Dimension</strong></td>
 <td>1500mm</td>
 </tr>
 <tr>
 <td><strong>Weight</strong></td>
 <td>7.5kg</td>
 </tr>
 <tr>
 <td><strong>Material</strong></td>
 <td>Stainless Steel 304</td>
 </tr>
 <tr>
 <td><strong>Finish</strong></td>
 <td>Chrome Hairline</td>
 </tr>
 <tr>
 <td><strong>Product Warranty</strong></td>
 <td>25 years</td>
 </tr>
 </tbody>
 </table> 
  </div>",https://www.bumhan.com.my/product_img/IM01836.png
ONG120,Cloth Hanger,,Towel Dryer Rack,,200,"<div bis_skin_checked=""1"">
  <table style=""width: 100%;"" border=""1"" cellspacing=""5"" cellpadding=""5"">
 <tbody>
 <tr>
 <td><strong>Dimension</strong></td>
 <td>(W) 850mm<br>(D) 400mm<br>(H) 850mm</td>
 </tr>
 <tr>
 <td><strong>Material</strong></td>
 <td>Stainless Steel 304</td>
 </tr>
 <tr>
 <td><strong>Finish</strong></td>
 <td>Chrome Hairline</td>
 </tr>
 <tr>
 <td><strong>Product Warranty</strong></td>
 <td>25 years</td>
 </tr>
 </tbody>
 </table> 
  </div>",https://www.bumhan.com.my/product_img/IM01840.png
ONG121,Cloth Hanger,,Stainless Steel Free Standing Foldable Clothes Drying Rack,"6 Bar with Teeth Rod Design.
 Lockable caster.
 Durable, rust-resistant stainless steel construction.
 Srong and stable.
 Able to support heavy load.
 Foldable bracket.
 Space saving.
 20mm stainless steel hollow bar.",200,"<div bis_skin_checked=""1"">
  <table style=""width: 100%;"" border=""1"" cellspacing=""5"" cellpadding=""5"">
 <tbody>
 <tr>
 <td style=""width: 44px;""><strong>Material</strong></td>
 <td style=""width: 53.1094px;"">Stainless Steel&nbsp;SUS304</td>
 </tr>
 <tr>
 <td style=""width: 44px;""><strong>Finishing</strong></td>
 <td style=""width: 53.1094px;"">Satin Nickel</td>
 </tr>
 <tr>
 <td style=""width: 44px;""><strong>Size</strong></td>
 <td style=""width: 53.1094px;"">930 x 1200 x 1680mm</td>
 </tr>
 <tr>
 <td style=""width: 44px;""><strong>Weight</strong></td>
 <td style=""width: 53.1094px;"">8.2kg</td>
 </tr>
 </tbody>
 </table> 
  </div>",https://www.bumhan.com.my/product_img/IM01718.jpg
ONG122,OKU Solution,,Handicap Wall Hung Basin,,1100,"<div bis_skin_checked=""1"">
  <table style=""width: 100%;"" border=""1"" cellspacing=""5"" cellpadding=""5"">
 <tbody>
 <tr>
 <td><strong>Bowl Depth</strong></td>
 <td>190mm</td>
 </tr>
 <tr>
 <td><strong>Bowl Length</strong></td>
 <td>640mm</td>
 </tr>
 <tr>
 <td><strong>Bowl Width</strong></td>
 <td>545mm</td>
 </tr>
 <tr>
 <td><strong>Fixing Kit</strong></td>
 <td>Included</td>
 </tr>
 <tr>
 <td><strong>Installation Type</strong></td>
 <td>Wall-hung</td>
 </tr>
 <tr>
 <td><strong>Material</strong></td>
 <td>Vitreous China</td>
 </tr>
 <tr>
 <td><strong>Overflow type</strong></td>
 <td>Standard</td>
 </tr>
 <tr>
 <td><strong>Plug and Waste</strong></td>
 <td>Not Included</td>
 </tr>
 <tr>
 <td><strong>Shape</strong></td>
 <td>Square</td>
 </tr>
 <tr>
 <td><strong>Taphole Configuration</strong></td>
 <td>3 Prepunched tapholes</td>
 </tr>
 <tr>
 <td><strong>Waste</strong></td>
 <td>Not Included</td>
 </tr>
 </tbody>
 </table> 
  </div>",https://www.bumhan.com.my/product_img/IM01681.jpg
ONG123,OKU Solution,,Boston 600 Clinical Wall Hung Basin,,1100,"<div bis_skin_checked=""1"">
  <table style=""width: 100%;"" border=""1"" cellspacing=""5"" cellpadding=""5"">
 <tbody>
 <tr>
 <td style=""width: 38.2224%;""><strong>Bowl Depth</strong></td>
 <td style=""width: 56.1324%;"">215mm</td>
 </tr>
 <tr>
 <td style=""width: 38.2224%;""><strong>Bowl Length</strong></td>
 <td style=""width: 56.1324%;"">610mm</td>
 </tr>
 <tr>
 <td style=""width: 38.2224%;""><strong>Bowl Width</strong></td>
 <td style=""width: 56.1324%;"">460mm</td>
 </tr>
 <tr>
 <td style=""width: 38.2224%;""><strong>Fixing Kit</strong></td>
 <td style=""width: 56.1324%;"">Included</td>
 </tr>
 <tr>
 <td style=""width: 38.2224%;""><strong>Installation Type</strong></td>
 <td style=""width: 56.1324%;"">Wall-hung</td>
 </tr>
 <tr>
 <td style=""width: 38.2224%;""><strong>Material</strong></td>
 <td style=""width: 56.1324%;"">Vitreous China</td>
 </tr>
 <tr>
 <td style=""width: 38.2224%;""><strong>Plug and Waste</strong></td>
 <td style=""width: 56.1324%;"">Not Included</td>
 </tr>
 <tr>
 <td style=""width: 38.2224%;""><strong>Shape</strong></td>
 <td style=""width: 56.1324%;"">Round</td>
 </tr>
 <tr>
 <td style=""width: 38.2224%;""><strong>Taphole Configuration</strong></td>
 <td style=""width: 56.1324%;"">No tapholes</td>
 </tr>
 <tr>
 <td style=""width: 38.2224%;""><strong>Waste</strong></td>
 <td style=""width: 56.1324%;"">Not Included</td>
 </tr>
 </tbody>
 </table> 
  </div>",https://www.bumhan.com.my/product_img/IM01682.jpg
ONG124,OKU Solution,,Boston 500 Clinical Wall Hung Basin,,900,"<div bis_skin_checked=""1"">
  <table style=""width: 100%;"" border=""1"" cellspacing=""5"" cellpadding=""5"">
 <tbody>
 <tr style=""height: 13px;"">
 <td style=""height: 13px; width: 34.3246%;""><strong>Bowl Depth</strong></td>
 <td style=""height: 13px; width: 60.0302%;"">210mm</td>
 </tr>
 <tr style=""height: 13px;"">
 <td style=""height: 13px; width: 34.3246%;""><strong>Bowl Length</strong></td>
 <td style=""height: 13px; width: 60.0302%;"">500mm</td>
 </tr>
 <tr style=""height: 13px;"">
 <td style=""height: 13px; width: 34.3246%;""><strong>Bowl Width</strong></td>
 <td style=""height: 13px; width: 60.0302%;"">430mm</td>
 </tr>
 <tr style=""height: 13px;"">
 <td style=""height: 13px; width: 34.3246%;""><strong>Installation Type</strong></td>
 <td style=""height: 13px; width: 60.0302%;"">Wall-hung</td>
 </tr>
 <tr style=""height: 13px;"">
 <td style=""height: 13px; width: 34.3246%;""><strong>Material</strong></td>
 <td style=""height: 13px; width: 60.0302%;"">Vitreous China</td>
 </tr>
 <tr style=""height: 13px;"">
 <td style=""height: 13px; width: 34.3246%;""><strong>Overflow Type</strong></td>
 <td style=""height: 13px; width: 60.0302%;"">Standard</td>
 </tr>
 <tr style=""height: 13px;"">
 <td style=""height: 13px; width: 34.3246%;""><strong>Plug and Waste</strong></td>
 <td style=""height: 13px; width: 60.0302%;"">Not Included</td>
 </tr>
 <tr style=""height: 13px;"">
 <td style=""height: 13px; width: 34.3246%;""><strong>Shape</strong></td>
 <td style=""height: 13px; width: 60.0302%;"">Oval</td>
 </tr>
 <tr style=""height: 13px;"">
 <td style=""height: 13px; width: 34.3246%;""><strong>Taphole Configuration</strong></td>
 <td style=""height: 13px; width: 60.0302%;"">No tapholes</td>
 </tr>
 <tr style=""height: 13px;"">
 <td style=""height: 13px; width: 34.3246%;""><strong>Waste</strong></td>
 <td style=""height: 13px; width: 60.0302%;"">Not Included</td>
 </tr>
 </tbody>
 </table> 
  </div>",https://www.bumhan.com.my/product_img/IM01683.jpg
ONG125,OKU Solution,,Deck Mounted Elbow Action Pillar Tap,,1200,"<div bis_skin_checked=""1"">
  <table border=""1"" width=""100%"" cellspacing=""5"" cellpadding=""5"">
 <tbody>
 <tr valign=""top"">
 <td style=""width: 43.4268%;""><strong>Application Place</strong></td>
 <td style=""width: 55.5732%;"">Basin</td>
 </tr>
 <tr valign=""top"">
 <td style=""width: 43.4268%;""><strong>Finish</strong></td>
 <td style=""width: 55.5732%;"">Chrome</td>
 </tr>
 <tr valign=""top"">
 <td style=""width: 43.4268%;""><strong>Installation Type</strong></td>
 <td style=""width: 55.5732%;"">Deck-mounted</td>
 </tr>
 <tr valign=""top"">
 <td style=""width: 43.4268%;""><strong>Maximum Continuous Working Pressure (kPa)</strong></td>
 <td style=""width: 55.5732%;"">500</td>
 </tr>
 <tr valign=""top"">
 <td style=""width: 43.4268%;""><strong>Minimum Continuous Working Pressure (kPa)</strong></td>
 <td style=""width: 55.5732%;"">100</td>
 </tr>
 <tr valign=""top"">
 <td style=""width: 43.4268%;""><strong>Number of Bodies</strong></td>
 <td style=""width: 55.5732%;"">1 body</td>
 </tr>
 <tr valign=""top"">
 <td style=""width: 43.4268%;""><strong>Type of Cartridge</strong></td>
 <td style=""width: 55.5732%;"">Ceramic Headwork</td>
 </tr>
 <tr valign=""top"">
 <td style=""width: 43.4268%;""><strong>Waste</strong></td>
 <td style=""width: 55.5732%;"">Not Included&nbsp;</td>
 </tr>
 <tr valign=""top"">
 <td style=""width: 43.4268%;""><strong>Water Connection Thread</strong></td>
 <td style=""width: 55.5732%;"">1/2""</td>
 </tr>
 </tbody>
 </table> 
  </div>",https://www.bumhan.com.my/product_img/IM01684.jpg
ONG126,OKU Solution,,Wall Mounted Elbow Action Pillar Tap,,900,"<div bis_skin_checked=""1"">
  <table border=""1"" width=""100%"" cellspacing=""5"" cellpadding=""5"">
 <tbody>
 <tr valign=""top"">
 <td style=""width: 44.4178%;""><strong>Aerator Type</strong></td>
 <td style=""width: 49.937%;"">Integrated Aerator</td>
 </tr>
 <tr valign=""top"">
 <td style=""width: 44.4178%;""><strong>Application Place</strong></td>
 <td style=""width: 49.937%;"">Outdoors</td>
 </tr>
 <tr valign=""top"">
 <td style=""width: 44.4178%;""><strong>Finish</strong></td>
 <td style=""width: 49.937%;"">Chrome</td>
 </tr>
 <tr valign=""top"">
 <td style=""width: 44.4178%;""><strong>Installation Type</strong></td>
 <td style=""width: 49.937%;"">Wall-mounted</td>
 </tr>
 <tr valign=""top"">
 <td style=""width: 44.4178%;""><strong>Maximum Continuous Working Pressure (kPa)</strong></td>
 <td style=""width: 49.937%;"">500</td>
 </tr>
 <tr valign=""top"">
 <td style=""width: 44.4178%;""><strong>Minimum Continuous Working Pressure (kPa)</strong></td>
 <td style=""width: 49.937%;"">100</td>
 </tr>
 <tr valign=""top"">
 <td style=""width: 44.4178%;""><strong>Number of Bodies</strong></td>
 <td style=""width: 49.937%;"">1 body</td>
 </tr>
 <tr valign=""top"">
 <td style=""width: 44.4178%;""><strong>Type of Cartridge</strong></td>
 <td style=""width: 49.937%;"">Ceramic Headwork</td>
 </tr>
 <tr valign=""top"">
 <td style=""width: 44.4178%;""><strong>Waste</strong></td>
 <td style=""width: 49.937%;"">Not Included&nbsp;</td>
 </tr>
 <tr valign=""top"">
 <td style=""width: 44.4178%;""><strong>Water Connection&nbsp;Thread</strong></td>
 <td style=""width: 49.937%;"">1/2""</td>
 </tr>
 </tbody>
 </table> 
  </div>",https://www.bumhan.com.my/product_img/IM01685.jpg
ONG127,OKU Solution,,1/2 CP Wall Mounted Medical Mixer with Swivel Spout,"180mm Long Lever Handles.
 1/4 Turn Ceramic Disc.
 Inlet Connection: 155mm.",900,,https://www.bumhan.com.my/product_img/IM01965.png
ONG128,OKU Solution,,Medical Tap Wall Mounted Elbowline,"Brass Chrome Plated.
 Cold Water.",900,,https://www.bumhan.com.my/product_img/IM01963.png
ONG129,OKU Solution,,Medical Tap CP Pillar Mounted Elbow,Brass Chrome Plated.,900,,https://www.bumhan.com.my/product_img/IM01964.png
ONG130,OKU Solution,,Nylon Anti-bacterial Straight Grab Bar (450mm),,890,"<div bis_skin_checked=""1"">
  <div bis_skin_checked=""1"">
 <table border=""1"" width=""100%"" cellspacing=""5"" cellpadding=""5"">
 <tbody>
 <tr valign=""top"">
 <td style=""width: 37.0149%;""><strong>Finish</strong></td>
 <td style=""width: 57.34%;"">White</td>
 </tr>
 <tr valign=""top"">
 <td style=""width: 37.0149%;""><strong>Fixing Kit</strong></td>
 <td style=""width: 57.34%;"">Included</td>
 </tr>
 <tr valign=""top"">
 <td style=""width: 37.0149%;""><strong>Grab Rail Diameter (mm)</strong></td>
 <td style=""width: 57.34%;"">35</td>
 </tr>
 <tr valign=""top"">
 <td style=""width: 37.0149%;""><strong>Installation Type</strong></td>
 <td style=""width: 57.34%;"">Wall-mounted</td>
 </tr>
 <tr valign=""top"">
 <td style=""width: 37.0149%;""><strong>Material</strong></td>
 <td style=""width: 57.34%;"">Stainless Steel</td>
 </tr>
 <tr valign=""top"">
 <td style=""width: 37.0149%;""><strong>Shape</strong></td>
 <td style=""width: 57.34%;"">&nbsp;Angular</td>
 </tr>
 </tbody>
 </table>
 </div> 
  </div>",https://www.bumhan.com.my/product_img/IM01686.jpg
ONG131,OKU Solution,,Nylon Anti-bacterial Straight Grab Bar (750mm),,880,"<div bis_skin_checked=""1"">
  <table border=""1"" width=""100%"" cellspacing=""5"" cellpadding=""5"">
 <tbody>
 <tr valign=""top"">
 <td style=""width: 35.1331%;""><strong>Finish</strong></td>
 <td style=""width: 59.2217%;"">White</td>
 </tr>
 <tr valign=""top"">
 <td style=""width: 35.1331%;""><strong>Fixing Kit</strong></td>
 <td style=""width: 59.2217%;"">Included</td>
 </tr>
 <tr valign=""top"">
 <td style=""width: 35.1331%;""><strong>Grab Rail Diameter (mm)</strong></td>
 <td style=""width: 59.2217%;"">35</td>
 </tr>
 <tr valign=""top"">
 <td style=""width: 35.1331%;""><strong>Installation Type</strong></td>
 <td style=""width: 59.2217%;"">Wall-mounted</td>
 </tr>
 <tr valign=""top"">
 <td style=""width: 35.1331%;""><strong>Material</strong></td>
 <td style=""width: 59.2217%;"">Stainless Steel</td>
 </tr>
 <tr valign=""top"">
 <td style=""width: 35.1331%;""><strong>Shape</strong></td>
 <td style=""width: 59.2217%;"">Angular</td>
 </tr>
 </tbody>
 </table> 
  </div>",https://www.bumhan.com.my/product_img/IM01687.jpg
ONG132,OKU Solution,,Nylon Anti-bacterial L-shape Grab Bar (750x750mm),,780,"<div bis_skin_checked=""1"">
  <table border=""1"" width=""100%"" cellspacing=""5"" cellpadding=""5"">
 <tbody>
 <tr valign=""top"">
 <td style=""width: 36.7461%;""><strong>Finish</strong></td>
 <td style=""width: 57.6088%;"">White</td>
 </tr>
 <tr valign=""top"">
 <td style=""width: 36.7461%;""><strong>Fixing Kit</strong></td>
 <td style=""width: 57.6088%;"">Included</td>
 </tr>
 <tr valign=""top"">
 <td style=""width: 36.7461%;""><strong>Grab Rail Diameter (mm)</strong></td>
 <td style=""width: 57.6088%;"">35</td>
 </tr>
 <tr valign=""top"">
 <td style=""width: 36.7461%;""><strong>Installation Type</strong></td>
 <td style=""width: 57.6088%;"">Wall-mounted</td>
 </tr>
 <tr valign=""top"">
 <td style=""width: 36.7461%;""><strong>Material</strong></td>
 <td style=""width: 57.6088%;"">Stainless Steel</td>
 </tr>
 <tr valign=""top"">
 <td style=""width: 36.7461%;""><strong>Shape</strong></td>
 <td style=""width: 57.6088%;"">Angular</td>
 </tr>
 </tbody>
 </table> 
  </div>",https://www.bumhan.com.my/product_img/IM01688.jpg
ONG133,OKU Solution,,Nylon Anti-bacterial V-shape Right Grab Bar (700x700mm),,800,"<div bis_skin_checked=""1"">
  <table border=""1"" width=""100%"" cellspacing=""5"" cellpadding=""5"">
 <tbody>
 <tr valign=""top"">
 <td style=""width: 37.4181%;""><strong>Finish</strong></td>
 <td style=""width: 56.9367%;"">White</td>
 </tr>
 <tr valign=""top"">
 <td style=""width: 37.4181%;""><strong>Fixing Kit</strong></td>
 <td style=""width: 56.9367%;"">Included</td>
 </tr>
 <tr valign=""top"">
 <td style=""width: 37.4181%;""><strong>Grab Rail Diameter (mm)</strong></td>
 <td style=""width: 56.9367%;"">35</td>
 </tr>
 <tr valign=""top"">
 <td style=""width: 37.4181%;""><strong>Installation Type</strong></td>
 <td style=""width: 56.9367%;"">Wall-mounted</td>
 </tr>
 <tr valign=""top"">
 <td style=""width: 37.4181%;""><strong>Material</strong></td>
 <td style=""width: 56.9367%;"">Stainless Steel</td>
 </tr>
 <tr valign=""top"">
 <td style=""width: 37.4181%;""><strong>Shape</strong></td>
 <td style=""width: 56.9367%;"">Angular</td>
 </tr>
 </tbody>
 </table> 
  </div>",https://www.bumhan.com.my/product_img/IM01900.png
ONG134,OKU Solution,,Nylon Anti-bacterial V-shape Left Grab Bar (700x700mm),,800,"<div bis_skin_checked=""1"">
  <table border=""1"" width=""100%"" cellspacing=""5"" cellpadding=""5"">
 <tbody>
 <tr valign=""top"">
 <td style=""width: 36.6116%;""><strong>Finish</strong></td>
 <td style=""width: 57.7432%;"">White</td>
 </tr>
 <tr valign=""top"">
 <td style=""width: 36.6116%;""><strong>Fixing Kit</strong></td>
 <td style=""width: 57.7432%;"">Included</td>
 </tr>
 <tr valign=""top"">
 <td style=""width: 36.6116%;""><strong>Grab Rail Diameter (mm)</strong></td>
 <td style=""width: 57.7432%;"">35</td>
 </tr>
 <tr valign=""top"">
 <td style=""width: 36.6116%;""><strong>Installation Type</strong></td>
 <td style=""width: 57.7432%;"">Wall-mounted</td>
 </tr>
 <tr valign=""top"">
 <td style=""width: 36.6116%;""><strong>Material</strong></td>
 <td style=""width: 57.7432%;"">Stainless Steel</td>
 </tr>
 <tr valign=""top"">
 <td style=""width: 36.6116%;""><strong>Shape</strong></td>
 <td style=""width: 57.7432%;"">Angular</td>
 </tr>
 </tbody>
 </table> 
  </div>",https://www.bumhan.com.my/product_img/IM01690.jpg
ONG135,OKU Solution,,Nylon Anti-bacterial Horizontal Bend Grab Bar (1200x700mm),,790,"<div bis_skin_checked=""1"">
  <table border=""1"" width=""100%"" cellspacing=""5"" cellpadding=""5"">
 <tbody>
 <tr valign=""top"">
 <td style=""width: 40.6019%;""><strong>Installation</strong></td>
 <td style=""width: 53.7529%;"">Corner Installation</td>
 </tr>
 <tr valign=""top"">
 <td style=""width: 40.6019%;""><strong>Finish</strong></td>
 <td style=""width: 53.7529%;"">White</td>
 </tr>
 <tr valign=""top"">
 <td style=""width: 40.6019%;""><strong>Fixing Kit</strong></td>
 <td style=""width: 53.7529%;"">Included</td>
 </tr>
 <tr valign=""top"">
 <td style=""width: 40.6019%;""><strong>Grab Rail Diameter (mm)</strong></td>
 <td style=""width: 53.7529%;"">35</td>
 </tr>
 <tr valign=""top"">
 <td style=""width: 40.6019%;""><strong>Installation Type</strong></td>
 <td style=""width: 53.7529%;"">Wall-mounted</td>
 </tr>
 <tr valign=""top"">
 <td style=""width: 40.6019%;""><strong>Material</strong></td>
 <td style=""width: 53.7529%;"">Stainless Steel</td>
 </tr>
 <tr valign=""top"">
 <td style=""width: 40.6019%;""><strong>Shape</strong></td>
 <td style=""width: 53.7529%;"">Angular</td>
 </tr>
 </tbody>
 </table> 
  </div>",https://www.bumhan.com.my/product_img/IM01691.jpg
ONG136,OKU Solution,,Nylon Anti-bacterial Wall-hinged Support Rail,,700,"<div bis_skin_checked=""1"">
  <table border=""1"" width=""100%"" cellspacing=""5"" cellpadding=""5"">
 <tbody>
 <tr valign=""top"">
 <td style=""width: 37.8213%;""><strong>Finish</strong></td>
 <td style=""width: 56.5335%;"">White</td>
 </tr>
 <tr valign=""top"">
 <td style=""width: 37.8213%;""><strong>Fixing Kit</strong></td>
 <td style=""width: 56.5335%;"">Included</td>
 </tr>
 <tr valign=""top"">
 <td style=""width: 37.8213%;""><strong>Grab Rail Diameter (mm)</strong></td>
 <td style=""width: 56.5335%;"">35</td>
 </tr>
 <tr valign=""top"">
 <td style=""width: 37.8213%;""><strong>Installation Type</strong></td>
 <td style=""width: 56.5335%;"">Wall-mounted</td>
 </tr>
 <tr valign=""top"">
 <td style=""width: 37.8213%;""><strong>Material</strong></td>
 <td style=""width: 56.5335%;"">Stainless Steel</td>
 </tr>
 <tr valign=""top"">
 <td style=""width: 37.8213%;""><strong>Shape</strong></td>
 <td style=""width: 56.5335%;"">Angular</td>
 </tr>
 </tbody>
 </table> 
  </div>",https://www.bumhan.com.my/product_img/IM01692.jpg
ONG137,OKU Solution,,Assist Back Rest with Comfortable Cushion Pad in White,"Can be used with all Assist toilets.
 Quality 32mm Stainless Steel Frame with Cushion Pad.
 Robust concealed wall fixings.",800,"<div bis_skin_checked=""1"">
  <table style=""width: 100%;"" border=""1"" cellspacing=""5"" cellpadding=""5"">
 <tbody>
 <tr style=""height: 13px;"">
 <td style=""height: 13px;""><strong>Width</strong></td>
 <td style=""height: 13px;"">650mm</td>
 </tr>
 <tr style=""height: 13px;"">
 <td style=""height: 13px;""><strong>Height</strong></td>
 <td style=""height: 13px;"">210mm</td>
 </tr>
 <tr style=""height: 13px;"">
 <td style=""height: 13px;""><strong>Depth</strong></td>
 <td style=""height: 13px;"">350mm</td>
 </tr>
 <tr style=""height: 13.2px;"">
 <td style=""height: 13.2px;""><strong>Material</strong></td>
 <td style=""height: 13.2px;"">Stainless Steel</td>
 </tr>
 </tbody>
 </table> 
  </div>",https://www.bumhan.com.my/product_img/IM01693.jpg
ONG138,OKU Solution,,Nylon Anti-bacterial Flip-up,,800,"<div bis_skin_checked=""1"">
  <table border=""1"" width=""100%"" cellspacing=""5"" cellpadding=""5"">
 <tbody>
 <tr valign=""top"">
 <td style=""width: 36.4464%;""><strong>Finish</strong></td>
 <td style=""width: 56.5536%;"">White</td>
 </tr>
 <tr valign=""top"">
 <td style=""width: 36.4464%;""><strong>Installation Type</strong></td>
 <td style=""width: 56.5536%;"">Wall-mounted</td>
 </tr>
 <tr valign=""top"">
 <td style=""width: 36.4464%;""><strong>Material</strong></td>
 <td style=""width: 56.5536%;"">Stainless Steel</td>
 </tr>
 </tbody>
 </table> 
  </div>",https://www.bumhan.com.my/product_img/IM01694.jpg